Subject_ID,Epoch_ID,Group,Label,Prediction
ACSub1,0,Control,0,0
ACSub1,1,Control,0,0
ACSub1,2,Control,0,0
ACSub1,3,Control,0,0
ACSub1,4,Control,0,0
ACSub1,5,Control,0,0
ACSub1,6,Control,0,0
ACSub1,7,Control,0,0
ACSub1,8,Control,0,0
ACSub1,9,Control,0,0
ACSub1,10,Control,0,0
ACSub1,11,Control,0,0
ACSub1,12,Control,0,0
ACSub1,13,Control,0,0
ACSub1,14,Control,0,0
ACSub1,15,Control,0,0
ACSub1,16,Control,0,0
ACSub1,17,Control,0,0
ACSub1,18,Control,0,0
ACSub1,19,Control,0,0
ACSub1,20,Control,0,0
ACSub1,21,Control,0,0
ACSub1,22,Control,0,0
ACSub1,23,Control,0,0
ACSub1,24,Control,0,0
ACSub1,25,Control,0,0
ACSub1,26,Control,0,0
ACSub1,27,Control,0,0
ACSub1,28,Control,0,0
ACSub1,29,Control,0,0
ACSub1,30,Control,0,0
ACSub1,31,Control,0,0
ACSub1,32,Control,0,0
ACSub1,33,Control,0,0
ACSub1,34,Control,0,0
ACSub1,35,Control,0,0
ACSub1,36,Control,0,0
ACSub1,37,Control,0,0
ACSub1,38,Control,0,0
ACSub1,39,Control,0,0
ACSub1,40,Control,0,0
ACSub1,41,Control,0,0
ACSub1,42,Control,0,0
ACSub1,43,Control,0,0
ACSub1,44,Control,0,0
ACSub1,45,Control,0,0
ACSub1,46,Control,0,0
ACSub1,47,Control,0,0
ACSub1,48,Control,0,0
ACSub1,49,Control,0,0
ACSub1,50,Control,0,0
ACSub1,51,Control,0,0
ACSub1,52,Control,0,0
ACSub1,53,Control,0,0
ACSub1,54,Control,0,0
ACSub1,55,Control,0,0
ACSub1,56,Control,0,0
ACSub1,57,Control,0,0
ACSub1,58,Control,0,0
ACSub1,59,Control,0,0
ACSub1,60,Control,0,0
ACSub1,61,Control,0,0
ACSub1,62,Control,0,0
ACSub1,63,Control,0,0
ACSub1,64,Control,0,0
ACSub1,65,Control,0,0
ACSub1,66,Control,0,0
ACSub1,67,Control,0,0
ACSub1,68,Control,0,0
ACSub1,69,Control,0,0
ACSub1,70,Control,0,0
ACSub1,71,Control,0,0
ACSub1,72,Control,0,0
ACSub1,73,Control,0,0
ACSub1,74,Control,0,0
ACSub1,75,Control,0,0
ACSub1,76,Control,0,0
ACSub1,77,Control,0,0
ACSub1,78,Control,0,0
ACSub1,79,Control,0,0
ACSub1,80,Control,0,0
ACSub1,81,Control,0,0
ACSub1,82,Control,0,0
ACSub1,83,Control,0,0
ACSub1,84,Control,0,0
ACSub1,85,Control,0,0
ACSub1,86,Control,0,0
ACSub1,87,Control,0,0
ACSub1,88,Control,0,0
ACSub1,89,Control,0,0
ACSub1,90,Control,0,0
ACSub1,91,Control,0,0
ACSub1,92,Control,0,0
ACSub1,93,Control,0,0
ACSub1,94,Control,0,0
ACSub1,95,Control,0,0
ACSub1,96,Control,0,0
ACSub1,97,Control,0,0
ACSub1,98,Control,0,0
ACSub1,99,Control,0,0
ACSub1,100,Control,0,0
ACSub1,101,Control,0,0
ACSub1,102,Control,0,0
ACSub1,103,Control,0,0
ACSub1,104,Control,0,0
ACSub1,105,Control,0,0
ACSub1,106,Control,0,0
ACSub1,107,Control,0,0
ACSub1,108,Control,0,0
ACSub1,109,Control,0,0
ACSub1,110,Control,0,0
ACSub1,111,Control,0,0
ACSub1,112,Control,0,0
ACSub1,113,Control,0,0
ACSub1,114,Control,0,0
ACSub1,115,Control,0,0
ACSub1,116,Control,0,0
ACSub1,117,Control,0,0
ACSub1,118,Control,0,0
ACSub1,119,Control,0,0
ACSub1,120,Control,0,0
ACSub1,121,Control,0,0
ACSub1,122,Control,0,0
ACSub1,123,Control,0,0
ACSub1,124,Control,0,0
ACSub1,125,Control,0,0
ACSub1,126,Control,0,0
ACSub1,127,Control,0,0
ACSub1,128,Control,0,0
ACSub1,129,Control,0,0
ACSub1,130,Control,0,0
ACSub1,131,Control,0,0
ACSub1,132,Control,0,0
ACSub1,133,Control,0,0
ACSub1,134,Control,0,0
ACSub1,135,Control,0,0
ACSub1,136,Control,0,0
ACSub1,137,Control,0,0
ACSub1,138,Control,0,0
ACSub1,139,Control,0,0
ACSub1,140,Control,0,0
ACSub1,141,Control,0,0
ACSub1,142,Control,0,0
ACSub1,143,Control,0,0
ACSub1,144,Control,0,0
ACSub1,145,Control,0,0
ACSub1,146,Control,0,0
ACSub1,147,Control,0,0
ACSub1,148,Control,0,0
ACSub10,0,Control,0,0
ACSub10,1,Control,0,0
ACSub10,2,Control,0,0
ACSub10,3,Control,0,0
ACSub10,4,Control,0,0
ACSub10,5,Control,0,0
ACSub10,6,Control,0,0
ACSub10,7,Control,0,0
ACSub10,8,Control,0,0
ACSub10,9,Control,0,0
ACSub10,10,Control,0,0
ACSub10,11,Control,0,0
ACSub10,12,Control,0,0
ACSub10,13,Control,0,0
ACSub10,14,Control,0,0
ACSub10,15,Control,0,0
ACSub10,16,Control,0,0
ACSub10,17,Control,0,0
ACSub10,18,Control,0,0
ACSub10,19,Control,0,0
ACSub10,20,Control,0,0
ACSub10,21,Control,0,0
ACSub10,22,Control,0,0
ACSub10,23,Control,0,0
ACSub10,24,Control,0,0
ACSub10,25,Control,0,0
ACSub10,26,Control,0,0
ACSub10,27,Control,0,0
ACSub10,28,Control,0,0
ACSub10,29,Control,0,0
ACSub10,30,Control,0,0
ACSub10,31,Control,0,0
ACSub10,32,Control,0,0
ACSub10,33,Control,0,0
ACSub10,34,Control,0,0
ACSub10,35,Control,0,0
ACSub10,36,Control,0,0
ACSub10,37,Control,0,0
ACSub10,38,Control,0,0
ACSub10,39,Control,0,0
ACSub10,40,Control,0,0
ACSub10,41,Control,0,0
ACSub10,42,Control,0,0
ACSub10,43,Control,0,0
ACSub10,44,Control,0,0
ACSub10,45,Control,0,0
ACSub10,46,Control,0,0
ACSub10,47,Control,0,0
ACSub10,48,Control,0,0
ACSub10,49,Control,0,0
ACSub10,50,Control,0,0
ACSub10,51,Control,0,0
ACSub10,52,Control,0,0
ACSub10,53,Control,0,0
ACSub10,54,Control,0,0
ACSub10,55,Control,0,0
ACSub10,56,Control,0,0
ACSub10,57,Control,0,0
ACSub10,58,Control,0,0
ACSub10,59,Control,0,0
ACSub10,60,Control,0,0
ACSub10,61,Control,0,0
ACSub10,62,Control,0,0
ACSub10,63,Control,0,0
ACSub10,64,Control,0,0
ACSub10,65,Control,0,0
ACSub10,66,Control,0,0
ACSub10,67,Control,0,0
ACSub10,68,Control,0,0
ACSub10,69,Control,0,0
ACSub10,70,Control,0,0
ACSub10,71,Control,0,0
ACSub10,72,Control,0,0
ACSub10,73,Control,0,0
ACSub10,74,Control,0,0
ACSub10,75,Control,0,0
ACSub10,76,Control,0,0
ACSub10,77,Control,0,0
ACSub10,78,Control,0,0
ACSub10,79,Control,0,0
ACSub10,80,Control,0,0
ACSub10,81,Control,0,0
ACSub10,82,Control,0,0
ACSub10,83,Control,0,0
ACSub10,84,Control,0,0
ACSub10,85,Control,0,0
ACSub10,86,Control,0,0
ACSub10,87,Control,0,0
ACSub10,88,Control,0,0
ACSub10,89,Control,0,0
ACSub10,90,Control,0,0
ACSub10,91,Control,0,0
ACSub10,92,Control,0,0
ACSub10,93,Control,0,0
ACSub10,94,Control,0,0
ACSub10,95,Control,0,0
ACSub10,96,Control,0,0
ACSub10,97,Control,0,0
ACSub10,98,Control,0,0
ACSub10,99,Control,0,0
ACSub10,100,Control,0,0
ACSub10,101,Control,0,0
ACSub10,102,Control,0,0
ACSub10,103,Control,0,0
ACSub10,104,Control,0,0
ACSub10,105,Control,0,0
ACSub10,106,Control,0,0
ACSub10,107,Control,0,0
ACSub10,108,Control,0,0
ACSub10,109,Control,0,0
ACSub10,110,Control,0,0
ACSub10,111,Control,0,0
ACSub10,112,Control,0,0
ACSub10,113,Control,0,0
ACSub10,114,Control,0,0
ACSub10,115,Control,0,0
ACSub10,116,Control,0,0
ACSub10,117,Control,0,0
ACSub10,118,Control,0,0
ACSub10,119,Control,0,0
ACSub10,120,Control,0,0
ACSub10,121,Control,0,0
ACSub10,122,Control,0,0
ACSub10,123,Control,0,0
ACSub10,124,Control,0,0
ACSub10,125,Control,0,0
ACSub10,126,Control,0,0
ACSub10,127,Control,0,0
ACSub10,128,Control,0,0
ACSub10,129,Control,0,0
ACSub10,130,Control,0,0
ACSub10,131,Control,0,0
ACSub10,132,Control,0,0
ACSub10,133,Control,0,0
ACSub10,134,Control,0,0
ACSub10,135,Control,0,0
ACSub10,136,Control,0,0
ACSub10,137,Control,0,0
ACSub10,138,Control,0,0
ACSub10,139,Control,0,0
ACSub10,140,Control,0,0
ACSub10,141,Control,0,0
ACSub10,142,Control,0,0
ACSub10,143,Control,0,0
ACSub10,144,Control,0,0
ACSub10,145,Control,0,0
ACSub10,146,Control,0,0
ACSub10,147,Control,0,0
ACSub10,148,Control,0,0
ACSub11,0,Control,0,1
ACSub11,1,Control,0,1
ACSub11,2,Control,0,1
ACSub11,3,Control,0,1
ACSub11,4,Control,0,1
ACSub11,5,Control,0,1
ACSub11,6,Control,0,1
ACSub11,7,Control,0,1
ACSub11,8,Control,0,1
ACSub11,9,Control,0,1
ACSub11,10,Control,0,1
ACSub11,11,Control,0,1
ACSub11,12,Control,0,1
ACSub11,13,Control,0,1
ACSub11,14,Control,0,1
ACSub11,15,Control,0,1
ACSub11,16,Control,0,1
ACSub11,17,Control,0,1
ACSub11,18,Control,0,1
ACSub11,19,Control,0,1
ACSub11,20,Control,0,1
ACSub11,21,Control,0,1
ACSub11,22,Control,0,1
ACSub11,23,Control,0,1
ACSub11,24,Control,0,1
ACSub11,25,Control,0,1
ACSub11,26,Control,0,1
ACSub11,27,Control,0,1
ACSub11,28,Control,0,1
ACSub11,29,Control,0,1
ACSub11,30,Control,0,1
ACSub11,31,Control,0,1
ACSub11,32,Control,0,1
ACSub11,33,Control,0,1
ACSub11,34,Control,0,1
ACSub11,35,Control,0,1
ACSub11,36,Control,0,1
ACSub11,37,Control,0,1
ACSub11,38,Control,0,1
ACSub11,39,Control,0,1
ACSub11,40,Control,0,1
ACSub11,41,Control,0,1
ACSub11,42,Control,0,1
ACSub11,43,Control,0,1
ACSub11,44,Control,0,1
ACSub11,45,Control,0,1
ACSub11,46,Control,0,1
ACSub11,47,Control,0,1
ACSub11,48,Control,0,1
ACSub11,49,Control,0,1
ACSub11,50,Control,0,1
ACSub11,51,Control,0,1
ACSub11,52,Control,0,1
ACSub11,53,Control,0,1
ACSub11,54,Control,0,1
ACSub11,55,Control,0,1
ACSub11,56,Control,0,1
ACSub11,57,Control,0,1
ACSub11,58,Control,0,1
ACSub11,59,Control,0,1
ACSub11,60,Control,0,1
ACSub11,61,Control,0,1
ACSub11,62,Control,0,1
ACSub11,63,Control,0,1
ACSub11,64,Control,0,1
ACSub11,65,Control,0,1
ACSub11,66,Control,0,1
ACSub11,67,Control,0,1
ACSub11,68,Control,0,1
ACSub11,69,Control,0,1
ACSub11,70,Control,0,1
ACSub11,71,Control,0,1
ACSub11,72,Control,0,1
ACSub11,73,Control,0,1
ACSub11,74,Control,0,1
ACSub11,75,Control,0,1
ACSub11,76,Control,0,1
ACSub11,77,Control,0,1
ACSub11,78,Control,0,1
ACSub11,79,Control,0,1
ACSub11,80,Control,0,1
ACSub11,81,Control,0,1
ACSub11,82,Control,0,1
ACSub11,83,Control,0,1
ACSub11,84,Control,0,1
ACSub11,85,Control,0,1
ACSub11,86,Control,0,1
ACSub11,87,Control,0,1
ACSub11,88,Control,0,1
ACSub11,89,Control,0,1
ACSub11,90,Control,0,1
ACSub11,91,Control,0,1
ACSub11,92,Control,0,1
ACSub11,93,Control,0,1
ACSub11,94,Control,0,1
ACSub11,95,Control,0,1
ACSub11,96,Control,0,1
ACSub11,97,Control,0,1
ACSub11,98,Control,0,1
ACSub11,99,Control,0,1
ACSub11,100,Control,0,1
ACSub11,101,Control,0,1
ACSub11,102,Control,0,1
ACSub11,103,Control,0,1
ACSub11,104,Control,0,1
ACSub11,105,Control,0,1
ACSub11,106,Control,0,1
ACSub11,107,Control,0,1
ACSub11,108,Control,0,1
ACSub11,109,Control,0,1
ACSub11,110,Control,0,1
ACSub11,111,Control,0,1
ACSub11,112,Control,0,1
ACSub11,113,Control,0,1
ACSub11,114,Control,0,1
ACSub11,115,Control,0,1
ACSub11,116,Control,0,1
ACSub11,117,Control,0,1
ACSub11,118,Control,0,1
ACSub11,119,Control,0,1
ACSub11,120,Control,0,1
ACSub11,121,Control,0,1
ACSub11,122,Control,0,1
ACSub11,123,Control,0,1
ACSub11,124,Control,0,1
ACSub11,125,Control,0,1
ACSub11,126,Control,0,1
ACSub11,127,Control,0,1
ACSub11,128,Control,0,1
ACSub11,129,Control,0,1
ACSub11,130,Control,0,1
ACSub11,131,Control,0,1
ACSub11,132,Control,0,1
ACSub11,133,Control,0,1
ACSub11,134,Control,0,1
ACSub11,135,Control,0,1
ACSub11,136,Control,0,1
ACSub11,137,Control,0,1
ACSub11,138,Control,0,1
ACSub11,139,Control,0,1
ACSub11,140,Control,0,1
ACSub11,141,Control,0,1
ACSub11,142,Control,0,1
ACSub11,143,Control,0,1
ACSub11,144,Control,0,1
ACSub11,145,Control,0,1
ACSub11,146,Control,0,1
ACSub11,147,Control,0,1
ACSub11,148,Control,0,1
ACSub12,0,Control,0,0
ACSub12,1,Control,0,0
ACSub12,2,Control,0,0
ACSub12,3,Control,0,0
ACSub12,4,Control,0,0
ACSub12,5,Control,0,0
ACSub12,6,Control,0,0
ACSub12,7,Control,0,0
ACSub12,8,Control,0,0
ACSub12,9,Control,0,0
ACSub12,10,Control,0,0
ACSub12,11,Control,0,0
ACSub12,12,Control,0,0
ACSub12,13,Control,0,0
ACSub12,14,Control,0,0
ACSub12,15,Control,0,0
ACSub12,16,Control,0,0
ACSub12,17,Control,0,0
ACSub12,18,Control,0,0
ACSub12,19,Control,0,0
ACSub12,20,Control,0,0
ACSub12,21,Control,0,0
ACSub12,22,Control,0,0
ACSub12,23,Control,0,0
ACSub12,24,Control,0,0
ACSub12,25,Control,0,0
ACSub12,26,Control,0,0
ACSub12,27,Control,0,0
ACSub12,28,Control,0,0
ACSub12,29,Control,0,0
ACSub12,30,Control,0,0
ACSub12,31,Control,0,0
ACSub12,32,Control,0,0
ACSub12,33,Control,0,0
ACSub12,34,Control,0,0
ACSub12,35,Control,0,0
ACSub12,36,Control,0,0
ACSub12,37,Control,0,0
ACSub12,38,Control,0,0
ACSub12,39,Control,0,0
ACSub12,40,Control,0,0
ACSub12,41,Control,0,0
ACSub12,42,Control,0,0
ACSub12,43,Control,0,0
ACSub12,44,Control,0,0
ACSub12,45,Control,0,0
ACSub12,46,Control,0,0
ACSub12,47,Control,0,0
ACSub12,48,Control,0,0
ACSub12,49,Control,0,0
ACSub12,50,Control,0,0
ACSub12,51,Control,0,0
ACSub12,52,Control,0,0
ACSub12,53,Control,0,0
ACSub12,54,Control,0,0
ACSub12,55,Control,0,0
ACSub12,56,Control,0,0
ACSub12,57,Control,0,0
ACSub12,58,Control,0,0
ACSub12,59,Control,0,0
ACSub12,60,Control,0,0
ACSub12,61,Control,0,0
ACSub12,62,Control,0,0
ACSub12,63,Control,0,0
ACSub12,64,Control,0,0
ACSub12,65,Control,0,0
ACSub12,66,Control,0,0
ACSub12,67,Control,0,0
ACSub12,68,Control,0,0
ACSub12,69,Control,0,0
ACSub12,70,Control,0,0
ACSub12,71,Control,0,0
ACSub12,72,Control,0,0
ACSub12,73,Control,0,0
ACSub12,74,Control,0,0
ACSub12,75,Control,0,0
ACSub12,76,Control,0,0
ACSub12,77,Control,0,0
ACSub12,78,Control,0,0
ACSub12,79,Control,0,0
ACSub12,80,Control,0,0
ACSub12,81,Control,0,0
ACSub12,82,Control,0,0
ACSub12,83,Control,0,0
ACSub12,84,Control,0,0
ACSub12,85,Control,0,0
ACSub12,86,Control,0,0
ACSub12,87,Control,0,0
ACSub12,88,Control,0,0
ACSub12,89,Control,0,0
ACSub12,90,Control,0,0
ACSub12,91,Control,0,0
ACSub12,92,Control,0,0
ACSub12,93,Control,0,0
ACSub12,94,Control,0,0
ACSub12,95,Control,0,0
ACSub12,96,Control,0,0
ACSub12,97,Control,0,0
ACSub12,98,Control,0,0
ACSub12,99,Control,0,0
ACSub12,100,Control,0,0
ACSub12,101,Control,0,0
ACSub12,102,Control,0,0
ACSub12,103,Control,0,0
ACSub12,104,Control,0,0
ACSub12,105,Control,0,0
ACSub12,106,Control,0,0
ACSub12,107,Control,0,0
ACSub12,108,Control,0,0
ACSub12,109,Control,0,0
ACSub12,110,Control,0,0
ACSub12,111,Control,0,0
ACSub12,112,Control,0,0
ACSub12,113,Control,0,0
ACSub12,114,Control,0,0
ACSub12,115,Control,0,0
ACSub12,116,Control,0,0
ACSub12,117,Control,0,0
ACSub12,118,Control,0,0
ACSub12,119,Control,0,0
ACSub12,120,Control,0,0
ACSub12,121,Control,0,0
ACSub12,122,Control,0,0
ACSub12,123,Control,0,0
ACSub12,124,Control,0,0
ACSub12,125,Control,0,0
ACSub12,126,Control,0,0
ACSub12,127,Control,0,0
ACSub12,128,Control,0,0
ACSub12,129,Control,0,0
ACSub12,130,Control,0,0
ACSub12,131,Control,0,0
ACSub12,132,Control,0,0
ACSub12,133,Control,0,0
ACSub12,134,Control,0,0
ACSub12,135,Control,0,0
ACSub12,136,Control,0,0
ACSub12,137,Control,0,0
ACSub12,138,Control,0,0
ACSub12,139,Control,0,0
ACSub12,140,Control,0,0
ACSub12,141,Control,0,0
ACSub12,142,Control,0,0
ACSub12,143,Control,0,0
ACSub12,144,Control,0,0
ACSub12,145,Control,0,0
ACSub12,146,Control,0,0
ACSub12,147,Control,0,0
ACSub12,148,Control,0,0
ACSub13,0,Control,0,1
ACSub13,1,Control,0,1
ACSub13,2,Control,0,1
ACSub13,3,Control,0,1
ACSub13,4,Control,0,1
ACSub13,5,Control,0,1
ACSub13,6,Control,0,1
ACSub13,7,Control,0,1
ACSub13,8,Control,0,1
ACSub13,9,Control,0,1
ACSub13,10,Control,0,1
ACSub13,11,Control,0,1
ACSub13,12,Control,0,1
ACSub13,13,Control,0,1
ACSub13,14,Control,0,1
ACSub13,15,Control,0,1
ACSub13,16,Control,0,1
ACSub13,17,Control,0,1
ACSub13,18,Control,0,1
ACSub13,19,Control,0,1
ACSub13,20,Control,0,1
ACSub13,21,Control,0,1
ACSub13,22,Control,0,1
ACSub13,23,Control,0,1
ACSub13,24,Control,0,1
ACSub13,25,Control,0,1
ACSub13,26,Control,0,1
ACSub13,27,Control,0,1
ACSub13,28,Control,0,1
ACSub13,29,Control,0,1
ACSub13,30,Control,0,1
ACSub13,31,Control,0,1
ACSub13,32,Control,0,1
ACSub13,33,Control,0,1
ACSub13,34,Control,0,1
ACSub13,35,Control,0,1
ACSub13,36,Control,0,1
ACSub13,37,Control,0,1
ACSub13,38,Control,0,1
ACSub13,39,Control,0,1
ACSub13,40,Control,0,1
ACSub13,41,Control,0,1
ACSub13,42,Control,0,1
ACSub13,43,Control,0,1
ACSub13,44,Control,0,1
ACSub13,45,Control,0,1
ACSub13,46,Control,0,1
ACSub13,47,Control,0,1
ACSub13,48,Control,0,1
ACSub13,49,Control,0,1
ACSub13,50,Control,0,1
ACSub13,51,Control,0,1
ACSub13,52,Control,0,1
ACSub13,53,Control,0,1
ACSub13,54,Control,0,1
ACSub13,55,Control,0,1
ACSub13,56,Control,0,1
ACSub13,57,Control,0,1
ACSub13,58,Control,0,1
ACSub13,59,Control,0,1
ACSub13,60,Control,0,1
ACSub13,61,Control,0,1
ACSub13,62,Control,0,1
ACSub13,63,Control,0,1
ACSub13,64,Control,0,1
ACSub13,65,Control,0,1
ACSub13,66,Control,0,1
ACSub13,67,Control,0,1
ACSub13,68,Control,0,1
ACSub13,69,Control,0,1
ACSub13,70,Control,0,1
ACSub13,71,Control,0,1
ACSub13,72,Control,0,1
ACSub13,73,Control,0,1
ACSub13,74,Control,0,1
ACSub13,75,Control,0,1
ACSub13,76,Control,0,1
ACSub13,77,Control,0,1
ACSub13,78,Control,0,1
ACSub13,79,Control,0,1
ACSub13,80,Control,0,1
ACSub13,81,Control,0,1
ACSub13,82,Control,0,1
ACSub13,83,Control,0,1
ACSub13,84,Control,0,1
ACSub13,85,Control,0,1
ACSub13,86,Control,0,1
ACSub13,87,Control,0,1
ACSub13,88,Control,0,1
ACSub13,89,Control,0,1
ACSub13,90,Control,0,1
ACSub13,91,Control,0,1
ACSub13,92,Control,0,1
ACSub13,93,Control,0,1
ACSub13,94,Control,0,1
ACSub13,95,Control,0,1
ACSub13,96,Control,0,1
ACSub13,97,Control,0,1
ACSub13,98,Control,0,1
ACSub13,99,Control,0,1
ACSub13,100,Control,0,1
ACSub13,101,Control,0,1
ACSub13,102,Control,0,1
ACSub13,103,Control,0,1
ACSub13,104,Control,0,1
ACSub13,105,Control,0,1
ACSub13,106,Control,0,1
ACSub13,107,Control,0,1
ACSub13,108,Control,0,1
ACSub13,109,Control,0,1
ACSub13,110,Control,0,1
ACSub13,111,Control,0,1
ACSub13,112,Control,0,1
ACSub13,113,Control,0,1
ACSub13,114,Control,0,1
ACSub13,115,Control,0,1
ACSub13,116,Control,0,1
ACSub13,117,Control,0,1
ACSub13,118,Control,0,1
ACSub13,119,Control,0,1
ACSub13,120,Control,0,1
ACSub13,121,Control,0,1
ACSub13,122,Control,0,1
ACSub13,123,Control,0,1
ACSub13,124,Control,0,1
ACSub13,125,Control,0,1
ACSub13,126,Control,0,1
ACSub13,127,Control,0,1
ACSub13,128,Control,0,1
ACSub13,129,Control,0,1
ACSub13,130,Control,0,1
ACSub13,131,Control,0,1
ACSub13,132,Control,0,1
ACSub13,133,Control,0,1
ACSub13,134,Control,0,1
ACSub13,135,Control,0,1
ACSub13,136,Control,0,1
ACSub13,137,Control,0,1
ACSub13,138,Control,0,1
ACSub13,139,Control,0,1
ACSub13,140,Control,0,1
ACSub13,141,Control,0,1
ACSub13,142,Control,0,1
ACSub13,143,Control,0,1
ACSub13,144,Control,0,1
ACSub13,145,Control,0,1
ACSub13,146,Control,0,1
ACSub13,147,Control,0,1
ACSub13,148,Control,0,1
ACSub14,0,Control,0,0
ACSub14,1,Control,0,0
ACSub14,2,Control,0,0
ACSub14,3,Control,0,0
ACSub14,4,Control,0,0
ACSub14,5,Control,0,0
ACSub14,6,Control,0,0
ACSub14,7,Control,0,0
ACSub14,8,Control,0,0
ACSub14,9,Control,0,0
ACSub14,10,Control,0,0
ACSub14,11,Control,0,0
ACSub14,12,Control,0,0
ACSub14,13,Control,0,0
ACSub14,14,Control,0,0
ACSub14,15,Control,0,0
ACSub14,16,Control,0,0
ACSub14,17,Control,0,0
ACSub14,18,Control,0,0
ACSub14,19,Control,0,0
ACSub14,20,Control,0,0
ACSub14,21,Control,0,0
ACSub14,22,Control,0,0
ACSub14,23,Control,0,0
ACSub14,24,Control,0,0
ACSub14,25,Control,0,0
ACSub14,26,Control,0,0
ACSub14,27,Control,0,0
ACSub14,28,Control,0,0
ACSub14,29,Control,0,0
ACSub14,30,Control,0,0
ACSub14,31,Control,0,0
ACSub14,32,Control,0,0
ACSub14,33,Control,0,0
ACSub14,34,Control,0,0
ACSub14,35,Control,0,0
ACSub14,36,Control,0,0
ACSub14,37,Control,0,0
ACSub14,38,Control,0,0
ACSub14,39,Control,0,0
ACSub14,40,Control,0,0
ACSub14,41,Control,0,0
ACSub14,42,Control,0,0
ACSub14,43,Control,0,0
ACSub14,44,Control,0,0
ACSub14,45,Control,0,0
ACSub14,46,Control,0,0
ACSub14,47,Control,0,0
ACSub14,48,Control,0,0
ACSub14,49,Control,0,0
ACSub14,50,Control,0,0
ACSub14,51,Control,0,0
ACSub14,52,Control,0,0
ACSub14,53,Control,0,0
ACSub14,54,Control,0,0
ACSub14,55,Control,0,0
ACSub14,56,Control,0,0
ACSub14,57,Control,0,0
ACSub14,58,Control,0,0
ACSub14,59,Control,0,0
ACSub14,60,Control,0,0
ACSub14,61,Control,0,0
ACSub14,62,Control,0,0
ACSub14,63,Control,0,0
ACSub14,64,Control,0,0
ACSub14,65,Control,0,0
ACSub14,66,Control,0,0
ACSub14,67,Control,0,0
ACSub14,68,Control,0,0
ACSub14,69,Control,0,0
ACSub14,70,Control,0,0
ACSub14,71,Control,0,0
ACSub14,72,Control,0,0
ACSub14,73,Control,0,0
ACSub14,74,Control,0,0
ACSub14,75,Control,0,0
ACSub14,76,Control,0,0
ACSub14,77,Control,0,0
ACSub14,78,Control,0,0
ACSub14,79,Control,0,0
ACSub14,80,Control,0,0
ACSub14,81,Control,0,0
ACSub14,82,Control,0,0
ACSub14,83,Control,0,0
ACSub14,84,Control,0,0
ACSub14,85,Control,0,0
ACSub14,86,Control,0,0
ACSub14,87,Control,0,0
ACSub14,88,Control,0,0
ACSub14,89,Control,0,0
ACSub14,90,Control,0,0
ACSub14,91,Control,0,0
ACSub14,92,Control,0,0
ACSub14,93,Control,0,0
ACSub14,94,Control,0,0
ACSub14,95,Control,0,0
ACSub14,96,Control,0,0
ACSub14,97,Control,0,0
ACSub14,98,Control,0,0
ACSub14,99,Control,0,0
ACSub14,100,Control,0,0
ACSub14,101,Control,0,0
ACSub14,102,Control,0,0
ACSub14,103,Control,0,0
ACSub14,104,Control,0,0
ACSub14,105,Control,0,0
ACSub14,106,Control,0,0
ACSub14,107,Control,0,0
ACSub14,108,Control,0,0
ACSub14,109,Control,0,0
ACSub14,110,Control,0,0
ACSub14,111,Control,0,0
ACSub14,112,Control,0,0
ACSub14,113,Control,0,0
ACSub14,114,Control,0,0
ACSub14,115,Control,0,0
ACSub14,116,Control,0,0
ACSub14,117,Control,0,0
ACSub14,118,Control,0,0
ACSub14,119,Control,0,0
ACSub14,120,Control,0,0
ACSub14,121,Control,0,0
ACSub14,122,Control,0,0
ACSub14,123,Control,0,0
ACSub14,124,Control,0,0
ACSub14,125,Control,0,0
ACSub14,126,Control,0,0
ACSub14,127,Control,0,0
ACSub14,128,Control,0,0
ACSub14,129,Control,0,0
ACSub14,130,Control,0,0
ACSub14,131,Control,0,0
ACSub14,132,Control,0,0
ACSub14,133,Control,0,0
ACSub14,134,Control,0,0
ACSub14,135,Control,0,0
ACSub14,136,Control,0,0
ACSub14,137,Control,0,0
ACSub14,138,Control,0,0
ACSub14,139,Control,0,0
ACSub14,140,Control,0,0
ACSub14,141,Control,0,0
ACSub14,142,Control,0,0
ACSub14,143,Control,0,0
ACSub14,144,Control,0,0
ACSub14,145,Control,0,0
ACSub14,146,Control,0,0
ACSub14,147,Control,0,0
ACSub14,148,Control,0,0
ACSub15,0,Control,0,0
ACSub15,1,Control,0,0
ACSub15,2,Control,0,0
ACSub15,3,Control,0,0
ACSub15,4,Control,0,0
ACSub15,5,Control,0,0
ACSub15,6,Control,0,0
ACSub15,7,Control,0,0
ACSub15,8,Control,0,0
ACSub15,9,Control,0,0
ACSub15,10,Control,0,0
ACSub15,11,Control,0,0
ACSub15,12,Control,0,0
ACSub15,13,Control,0,0
ACSub15,14,Control,0,0
ACSub15,15,Control,0,0
ACSub15,16,Control,0,0
ACSub15,17,Control,0,0
ACSub15,18,Control,0,0
ACSub15,19,Control,0,0
ACSub15,20,Control,0,0
ACSub15,21,Control,0,0
ACSub15,22,Control,0,0
ACSub15,23,Control,0,0
ACSub15,24,Control,0,0
ACSub15,25,Control,0,0
ACSub15,26,Control,0,0
ACSub15,27,Control,0,0
ACSub15,28,Control,0,0
ACSub15,29,Control,0,0
ACSub15,30,Control,0,0
ACSub15,31,Control,0,0
ACSub15,32,Control,0,0
ACSub15,33,Control,0,0
ACSub15,34,Control,0,0
ACSub15,35,Control,0,0
ACSub15,36,Control,0,0
ACSub15,37,Control,0,0
ACSub15,38,Control,0,0
ACSub15,39,Control,0,0
ACSub15,40,Control,0,0
ACSub15,41,Control,0,0
ACSub15,42,Control,0,0
ACSub15,43,Control,0,0
ACSub15,44,Control,0,0
ACSub15,45,Control,0,0
ACSub15,46,Control,0,0
ACSub15,47,Control,0,0
ACSub15,48,Control,0,0
ACSub15,49,Control,0,0
ACSub15,50,Control,0,0
ACSub15,51,Control,0,0
ACSub15,52,Control,0,0
ACSub15,53,Control,0,0
ACSub15,54,Control,0,0
ACSub15,55,Control,0,0
ACSub15,56,Control,0,0
ACSub15,57,Control,0,0
ACSub15,58,Control,0,0
ACSub15,59,Control,0,0
ACSub15,60,Control,0,0
ACSub15,61,Control,0,0
ACSub15,62,Control,0,0
ACSub15,63,Control,0,0
ACSub15,64,Control,0,0
ACSub15,65,Control,0,0
ACSub15,66,Control,0,0
ACSub15,67,Control,0,0
ACSub15,68,Control,0,0
ACSub15,69,Control,0,0
ACSub15,70,Control,0,0
ACSub15,71,Control,0,0
ACSub15,72,Control,0,0
ACSub15,73,Control,0,0
ACSub15,74,Control,0,0
ACSub15,75,Control,0,0
ACSub15,76,Control,0,0
ACSub15,77,Control,0,0
ACSub15,78,Control,0,0
ACSub15,79,Control,0,0
ACSub15,80,Control,0,0
ACSub15,81,Control,0,0
ACSub15,82,Control,0,0
ACSub15,83,Control,0,0
ACSub15,84,Control,0,0
ACSub15,85,Control,0,0
ACSub15,86,Control,0,0
ACSub15,87,Control,0,0
ACSub15,88,Control,0,0
ACSub15,89,Control,0,0
ACSub15,90,Control,0,0
ACSub15,91,Control,0,0
ACSub15,92,Control,0,0
ACSub15,93,Control,0,0
ACSub15,94,Control,0,0
ACSub15,95,Control,0,0
ACSub15,96,Control,0,0
ACSub15,97,Control,0,0
ACSub15,98,Control,0,0
ACSub15,99,Control,0,0
ACSub15,100,Control,0,0
ACSub15,101,Control,0,0
ACSub15,102,Control,0,0
ACSub15,103,Control,0,0
ACSub15,104,Control,0,0
ACSub15,105,Control,0,0
ACSub15,106,Control,0,0
ACSub15,107,Control,0,0
ACSub15,108,Control,0,0
ACSub15,109,Control,0,0
ACSub15,110,Control,0,0
ACSub15,111,Control,0,0
ACSub15,112,Control,0,0
ACSub15,113,Control,0,0
ACSub15,114,Control,0,0
ACSub15,115,Control,0,0
ACSub15,116,Control,0,0
ACSub15,117,Control,0,0
ACSub15,118,Control,0,0
ACSub15,119,Control,0,0
ACSub15,120,Control,0,0
ACSub15,121,Control,0,0
ACSub15,122,Control,0,0
ACSub15,123,Control,0,0
ACSub15,124,Control,0,0
ACSub15,125,Control,0,0
ACSub15,126,Control,0,0
ACSub15,127,Control,0,0
ACSub15,128,Control,0,0
ACSub15,129,Control,0,0
ACSub15,130,Control,0,0
ACSub15,131,Control,0,0
ACSub15,132,Control,0,0
ACSub15,133,Control,0,0
ACSub15,134,Control,0,0
ACSub15,135,Control,0,0
ACSub15,136,Control,0,0
ACSub15,137,Control,0,0
ACSub15,138,Control,0,0
ACSub15,139,Control,0,0
ACSub15,140,Control,0,0
ACSub15,141,Control,0,0
ACSub15,142,Control,0,0
ACSub15,143,Control,0,0
ACSub15,144,Control,0,0
ACSub15,145,Control,0,0
ACSub15,146,Control,0,0
ACSub15,147,Control,0,0
ACSub15,148,Control,0,0
ACSub2,0,Control,0,1
ACSub2,1,Control,0,1
ACSub2,2,Control,0,1
ACSub2,3,Control,0,1
ACSub2,4,Control,0,1
ACSub2,5,Control,0,1
ACSub2,6,Control,0,1
ACSub2,7,Control,0,1
ACSub2,8,Control,0,1
ACSub2,9,Control,0,1
ACSub2,10,Control,0,1
ACSub2,11,Control,0,1
ACSub2,12,Control,0,1
ACSub2,13,Control,0,1
ACSub2,14,Control,0,1
ACSub2,15,Control,0,1
ACSub2,16,Control,0,1
ACSub2,17,Control,0,1
ACSub2,18,Control,0,1
ACSub2,19,Control,0,1
ACSub2,20,Control,0,1
ACSub2,21,Control,0,1
ACSub2,22,Control,0,1
ACSub2,23,Control,0,1
ACSub2,24,Control,0,1
ACSub2,25,Control,0,1
ACSub2,26,Control,0,1
ACSub2,27,Control,0,1
ACSub2,28,Control,0,1
ACSub2,29,Control,0,1
ACSub2,30,Control,0,1
ACSub2,31,Control,0,1
ACSub2,32,Control,0,1
ACSub2,33,Control,0,1
ACSub2,34,Control,0,1
ACSub2,35,Control,0,1
ACSub2,36,Control,0,1
ACSub2,37,Control,0,1
ACSub2,38,Control,0,1
ACSub2,39,Control,0,1
ACSub2,40,Control,0,1
ACSub2,41,Control,0,1
ACSub2,42,Control,0,1
ACSub2,43,Control,0,1
ACSub2,44,Control,0,1
ACSub2,45,Control,0,1
ACSub2,46,Control,0,1
ACSub2,47,Control,0,1
ACSub2,48,Control,0,1
ACSub2,49,Control,0,1
ACSub2,50,Control,0,1
ACSub2,51,Control,0,1
ACSub2,52,Control,0,1
ACSub2,53,Control,0,1
ACSub2,54,Control,0,1
ACSub2,55,Control,0,1
ACSub2,56,Control,0,1
ACSub2,57,Control,0,1
ACSub2,58,Control,0,1
ACSub2,59,Control,0,1
ACSub2,60,Control,0,1
ACSub2,61,Control,0,1
ACSub2,62,Control,0,1
ACSub2,63,Control,0,1
ACSub2,64,Control,0,1
ACSub2,65,Control,0,1
ACSub2,66,Control,0,1
ACSub2,67,Control,0,1
ACSub2,68,Control,0,1
ACSub2,69,Control,0,1
ACSub2,70,Control,0,1
ACSub2,71,Control,0,1
ACSub2,72,Control,0,1
ACSub2,73,Control,0,1
ACSub2,74,Control,0,1
ACSub2,75,Control,0,1
ACSub2,76,Control,0,1
ACSub2,77,Control,0,1
ACSub2,78,Control,0,1
ACSub2,79,Control,0,1
ACSub2,80,Control,0,1
ACSub2,81,Control,0,1
ACSub2,82,Control,0,1
ACSub2,83,Control,0,1
ACSub2,84,Control,0,1
ACSub2,85,Control,0,1
ACSub2,86,Control,0,1
ACSub2,87,Control,0,1
ACSub2,88,Control,0,1
ACSub2,89,Control,0,1
ACSub2,90,Control,0,1
ACSub2,91,Control,0,1
ACSub2,92,Control,0,1
ACSub2,93,Control,0,1
ACSub2,94,Control,0,1
ACSub2,95,Control,0,1
ACSub2,96,Control,0,1
ACSub2,97,Control,0,1
ACSub2,98,Control,0,1
ACSub2,99,Control,0,1
ACSub2,100,Control,0,1
ACSub2,101,Control,0,1
ACSub2,102,Control,0,1
ACSub2,103,Control,0,1
ACSub2,104,Control,0,1
ACSub2,105,Control,0,1
ACSub2,106,Control,0,1
ACSub2,107,Control,0,1
ACSub2,108,Control,0,1
ACSub2,109,Control,0,1
ACSub2,110,Control,0,1
ACSub2,111,Control,0,1
ACSub2,112,Control,0,1
ACSub2,113,Control,0,1
ACSub2,114,Control,0,1
ACSub2,115,Control,0,1
ACSub2,116,Control,0,1
ACSub2,117,Control,0,1
ACSub2,118,Control,0,1
ACSub2,119,Control,0,1
ACSub2,120,Control,0,1
ACSub2,121,Control,0,1
ACSub2,122,Control,0,1
ACSub2,123,Control,0,1
ACSub2,124,Control,0,1
ACSub2,125,Control,0,1
ACSub2,126,Control,0,1
ACSub2,127,Control,0,1
ACSub2,128,Control,0,1
ACSub2,129,Control,0,1
ACSub2,130,Control,0,1
ACSub2,131,Control,0,1
ACSub2,132,Control,0,1
ACSub2,133,Control,0,1
ACSub2,134,Control,0,1
ACSub2,135,Control,0,1
ACSub2,136,Control,0,1
ACSub2,137,Control,0,1
ACSub2,138,Control,0,1
ACSub2,139,Control,0,1
ACSub2,140,Control,0,1
ACSub2,141,Control,0,1
ACSub2,142,Control,0,1
ACSub2,143,Control,0,1
ACSub2,144,Control,0,1
ACSub2,145,Control,0,1
ACSub2,146,Control,0,1
ACSub2,147,Control,0,1
ACSub2,148,Control,0,1
ACSub3,0,Control,0,0
ACSub3,1,Control,0,0
ACSub3,2,Control,0,0
ACSub3,3,Control,0,0
ACSub3,4,Control,0,0
ACSub3,5,Control,0,0
ACSub3,6,Control,0,0
ACSub3,7,Control,0,0
ACSub3,8,Control,0,0
ACSub3,9,Control,0,0
ACSub3,10,Control,0,0
ACSub3,11,Control,0,0
ACSub3,12,Control,0,0
ACSub3,13,Control,0,0
ACSub3,14,Control,0,0
ACSub3,15,Control,0,0
ACSub3,16,Control,0,0
ACSub3,17,Control,0,0
ACSub3,18,Control,0,0
ACSub3,19,Control,0,0
ACSub3,20,Control,0,0
ACSub3,21,Control,0,0
ACSub3,22,Control,0,0
ACSub3,23,Control,0,0
ACSub3,24,Control,0,0
ACSub3,25,Control,0,0
ACSub3,26,Control,0,0
ACSub3,27,Control,0,0
ACSub3,28,Control,0,0
ACSub3,29,Control,0,0
ACSub3,30,Control,0,0
ACSub3,31,Control,0,0
ACSub3,32,Control,0,0
ACSub3,33,Control,0,0
ACSub3,34,Control,0,0
ACSub3,35,Control,0,0
ACSub3,36,Control,0,0
ACSub3,37,Control,0,0
ACSub3,38,Control,0,0
ACSub3,39,Control,0,0
ACSub3,40,Control,0,0
ACSub3,41,Control,0,0
ACSub3,42,Control,0,0
ACSub3,43,Control,0,0
ACSub3,44,Control,0,0
ACSub3,45,Control,0,0
ACSub3,46,Control,0,0
ACSub3,47,Control,0,0
ACSub3,48,Control,0,0
ACSub3,49,Control,0,0
ACSub3,50,Control,0,0
ACSub3,51,Control,0,0
ACSub3,52,Control,0,0
ACSub3,53,Control,0,0
ACSub3,54,Control,0,0
ACSub3,55,Control,0,0
ACSub3,56,Control,0,0
ACSub3,57,Control,0,0
ACSub3,58,Control,0,0
ACSub3,59,Control,0,0
ACSub3,60,Control,0,0
ACSub3,61,Control,0,0
ACSub3,62,Control,0,0
ACSub3,63,Control,0,0
ACSub3,64,Control,0,0
ACSub3,65,Control,0,0
ACSub3,66,Control,0,0
ACSub3,67,Control,0,0
ACSub3,68,Control,0,0
ACSub3,69,Control,0,0
ACSub3,70,Control,0,0
ACSub3,71,Control,0,0
ACSub3,72,Control,0,0
ACSub3,73,Control,0,0
ACSub3,74,Control,0,0
ACSub3,75,Control,0,0
ACSub3,76,Control,0,0
ACSub3,77,Control,0,0
ACSub3,78,Control,0,0
ACSub3,79,Control,0,0
ACSub3,80,Control,0,0
ACSub3,81,Control,0,0
ACSub3,82,Control,0,0
ACSub3,83,Control,0,0
ACSub3,84,Control,0,0
ACSub3,85,Control,0,0
ACSub3,86,Control,0,0
ACSub3,87,Control,0,0
ACSub3,88,Control,0,0
ACSub3,89,Control,0,0
ACSub3,90,Control,0,0
ACSub3,91,Control,0,0
ACSub3,92,Control,0,0
ACSub3,93,Control,0,0
ACSub3,94,Control,0,0
ACSub3,95,Control,0,0
ACSub3,96,Control,0,0
ACSub3,97,Control,0,0
ACSub3,98,Control,0,0
ACSub3,99,Control,0,0
ACSub3,100,Control,0,0
ACSub3,101,Control,0,0
ACSub3,102,Control,0,0
ACSub3,103,Control,0,0
ACSub3,104,Control,0,0
ACSub3,105,Control,0,0
ACSub3,106,Control,0,0
ACSub3,107,Control,0,0
ACSub3,108,Control,0,0
ACSub3,109,Control,0,0
ACSub3,110,Control,0,0
ACSub3,111,Control,0,0
ACSub3,112,Control,0,0
ACSub3,113,Control,0,0
ACSub3,114,Control,0,0
ACSub3,115,Control,0,0
ACSub3,116,Control,0,0
ACSub3,117,Control,0,0
ACSub3,118,Control,0,0
ACSub3,119,Control,0,0
ACSub3,120,Control,0,0
ACSub3,121,Control,0,0
ACSub3,122,Control,0,0
ACSub3,123,Control,0,0
ACSub3,124,Control,0,0
ACSub3,125,Control,0,0
ACSub3,126,Control,0,0
ACSub3,127,Control,0,0
ACSub3,128,Control,0,0
ACSub3,129,Control,0,0
ACSub3,130,Control,0,0
ACSub3,131,Control,0,0
ACSub3,132,Control,0,0
ACSub3,133,Control,0,0
ACSub3,134,Control,0,0
ACSub3,135,Control,0,0
ACSub3,136,Control,0,0
ACSub3,137,Control,0,0
ACSub3,138,Control,0,0
ACSub3,139,Control,0,0
ACSub3,140,Control,0,0
ACSub3,141,Control,0,0
ACSub3,142,Control,0,0
ACSub3,143,Control,0,0
ACSub3,144,Control,0,0
ACSub3,145,Control,0,0
ACSub3,146,Control,0,0
ACSub3,147,Control,0,0
ACSub3,148,Control,0,0
ACSub4,0,Control,0,1
ACSub4,1,Control,0,1
ACSub4,2,Control,0,1
ACSub4,3,Control,0,1
ACSub4,4,Control,0,1
ACSub4,5,Control,0,1
ACSub4,6,Control,0,1
ACSub4,7,Control,0,1
ACSub4,8,Control,0,1
ACSub4,9,Control,0,1
ACSub4,10,Control,0,1
ACSub4,11,Control,0,1
ACSub4,12,Control,0,1
ACSub4,13,Control,0,1
ACSub4,14,Control,0,1
ACSub4,15,Control,0,1
ACSub4,16,Control,0,1
ACSub4,17,Control,0,1
ACSub4,18,Control,0,1
ACSub4,19,Control,0,1
ACSub4,20,Control,0,1
ACSub4,21,Control,0,1
ACSub4,22,Control,0,1
ACSub4,23,Control,0,1
ACSub4,24,Control,0,1
ACSub4,25,Control,0,1
ACSub4,26,Control,0,1
ACSub4,27,Control,0,1
ACSub4,28,Control,0,1
ACSub4,29,Control,0,1
ACSub4,30,Control,0,1
ACSub4,31,Control,0,1
ACSub4,32,Control,0,1
ACSub4,33,Control,0,1
ACSub4,34,Control,0,1
ACSub4,35,Control,0,1
ACSub4,36,Control,0,1
ACSub4,37,Control,0,1
ACSub4,38,Control,0,1
ACSub4,39,Control,0,1
ACSub4,40,Control,0,1
ACSub4,41,Control,0,1
ACSub4,42,Control,0,1
ACSub4,43,Control,0,1
ACSub4,44,Control,0,1
ACSub4,45,Control,0,1
ACSub4,46,Control,0,1
ACSub4,47,Control,0,1
ACSub4,48,Control,0,1
ACSub4,49,Control,0,1
ACSub4,50,Control,0,1
ACSub4,51,Control,0,1
ACSub4,52,Control,0,1
ACSub4,53,Control,0,1
ACSub4,54,Control,0,1
ACSub4,55,Control,0,1
ACSub4,56,Control,0,1
ACSub4,57,Control,0,1
ACSub4,58,Control,0,1
ACSub4,59,Control,0,1
ACSub4,60,Control,0,1
ACSub4,61,Control,0,1
ACSub4,62,Control,0,1
ACSub4,63,Control,0,1
ACSub4,64,Control,0,1
ACSub4,65,Control,0,1
ACSub4,66,Control,0,1
ACSub4,67,Control,0,1
ACSub4,68,Control,0,1
ACSub4,69,Control,0,1
ACSub4,70,Control,0,1
ACSub4,71,Control,0,1
ACSub4,72,Control,0,1
ACSub4,73,Control,0,1
ACSub4,74,Control,0,1
ACSub4,75,Control,0,1
ACSub4,76,Control,0,1
ACSub4,77,Control,0,1
ACSub4,78,Control,0,1
ACSub4,79,Control,0,1
ACSub4,80,Control,0,1
ACSub4,81,Control,0,1
ACSub4,82,Control,0,1
ACSub4,83,Control,0,1
ACSub4,84,Control,0,1
ACSub4,85,Control,0,1
ACSub4,86,Control,0,1
ACSub4,87,Control,0,1
ACSub4,88,Control,0,1
ACSub4,89,Control,0,1
ACSub4,90,Control,0,1
ACSub4,91,Control,0,1
ACSub4,92,Control,0,1
ACSub4,93,Control,0,1
ACSub4,94,Control,0,1
ACSub4,95,Control,0,1
ACSub4,96,Control,0,1
ACSub4,97,Control,0,1
ACSub4,98,Control,0,1
ACSub4,99,Control,0,1
ACSub4,100,Control,0,1
ACSub4,101,Control,0,1
ACSub4,102,Control,0,1
ACSub4,103,Control,0,1
ACSub4,104,Control,0,1
ACSub4,105,Control,0,1
ACSub4,106,Control,0,1
ACSub4,107,Control,0,1
ACSub4,108,Control,0,1
ACSub4,109,Control,0,1
ACSub4,110,Control,0,1
ACSub4,111,Control,0,1
ACSub4,112,Control,0,1
ACSub4,113,Control,0,1
ACSub4,114,Control,0,1
ACSub4,115,Control,0,1
ACSub4,116,Control,0,1
ACSub4,117,Control,0,1
ACSub4,118,Control,0,1
ACSub4,119,Control,0,1
ACSub4,120,Control,0,1
ACSub4,121,Control,0,1
ACSub4,122,Control,0,1
ACSub4,123,Control,0,1
ACSub4,124,Control,0,1
ACSub4,125,Control,0,1
ACSub4,126,Control,0,1
ACSub4,127,Control,0,1
ACSub4,128,Control,0,1
ACSub4,129,Control,0,1
ACSub4,130,Control,0,1
ACSub4,131,Control,0,1
ACSub4,132,Control,0,1
ACSub4,133,Control,0,1
ACSub4,134,Control,0,1
ACSub4,135,Control,0,1
ACSub4,136,Control,0,1
ACSub4,137,Control,0,1
ACSub4,138,Control,0,1
ACSub4,139,Control,0,1
ACSub4,140,Control,0,1
ACSub4,141,Control,0,1
ACSub4,142,Control,0,1
ACSub4,143,Control,0,1
ACSub4,144,Control,0,1
ACSub4,145,Control,0,1
ACSub4,146,Control,0,1
ACSub4,147,Control,0,1
ACSub4,148,Control,0,1
ACSub5,0,Control,0,0
ACSub5,1,Control,0,0
ACSub5,2,Control,0,0
ACSub5,3,Control,0,0
ACSub5,4,Control,0,0
ACSub5,5,Control,0,0
ACSub5,6,Control,0,0
ACSub5,7,Control,0,0
ACSub5,8,Control,0,0
ACSub5,9,Control,0,0
ACSub5,10,Control,0,0
ACSub5,11,Control,0,0
ACSub5,12,Control,0,0
ACSub5,13,Control,0,0
ACSub5,14,Control,0,0
ACSub5,15,Control,0,0
ACSub5,16,Control,0,0
ACSub5,17,Control,0,0
ACSub5,18,Control,0,0
ACSub5,19,Control,0,0
ACSub5,20,Control,0,0
ACSub5,21,Control,0,0
ACSub5,22,Control,0,0
ACSub5,23,Control,0,0
ACSub5,24,Control,0,0
ACSub5,25,Control,0,0
ACSub5,26,Control,0,0
ACSub5,27,Control,0,0
ACSub5,28,Control,0,0
ACSub5,29,Control,0,0
ACSub5,30,Control,0,0
ACSub5,31,Control,0,0
ACSub5,32,Control,0,0
ACSub5,33,Control,0,0
ACSub5,34,Control,0,0
ACSub5,35,Control,0,0
ACSub5,36,Control,0,0
ACSub5,37,Control,0,0
ACSub5,38,Control,0,0
ACSub5,39,Control,0,0
ACSub5,40,Control,0,0
ACSub5,41,Control,0,0
ACSub5,42,Control,0,0
ACSub5,43,Control,0,0
ACSub5,44,Control,0,0
ACSub5,45,Control,0,0
ACSub5,46,Control,0,0
ACSub5,47,Control,0,0
ACSub5,48,Control,0,0
ACSub5,49,Control,0,0
ACSub5,50,Control,0,0
ACSub5,51,Control,0,0
ACSub5,52,Control,0,0
ACSub5,53,Control,0,0
ACSub5,54,Control,0,0
ACSub5,55,Control,0,0
ACSub5,56,Control,0,0
ACSub5,57,Control,0,0
ACSub5,58,Control,0,0
ACSub5,59,Control,0,0
ACSub5,60,Control,0,0
ACSub5,61,Control,0,0
ACSub5,62,Control,0,0
ACSub5,63,Control,0,0
ACSub5,64,Control,0,0
ACSub5,65,Control,0,0
ACSub5,66,Control,0,0
ACSub5,67,Control,0,0
ACSub5,68,Control,0,0
ACSub5,69,Control,0,0
ACSub5,70,Control,0,0
ACSub5,71,Control,0,0
ACSub5,72,Control,0,0
ACSub5,73,Control,0,0
ACSub5,74,Control,0,0
ACSub5,75,Control,0,0
ACSub5,76,Control,0,0
ACSub5,77,Control,0,0
ACSub5,78,Control,0,0
ACSub5,79,Control,0,0
ACSub5,80,Control,0,0
ACSub5,81,Control,0,0
ACSub5,82,Control,0,0
ACSub5,83,Control,0,0
ACSub5,84,Control,0,0
ACSub5,85,Control,0,0
ACSub5,86,Control,0,0
ACSub5,87,Control,0,0
ACSub5,88,Control,0,0
ACSub5,89,Control,0,0
ACSub5,90,Control,0,0
ACSub5,91,Control,0,0
ACSub5,92,Control,0,0
ACSub5,93,Control,0,0
ACSub5,94,Control,0,0
ACSub5,95,Control,0,0
ACSub5,96,Control,0,0
ACSub5,97,Control,0,0
ACSub5,98,Control,0,0
ACSub5,99,Control,0,0
ACSub5,100,Control,0,0
ACSub5,101,Control,0,0
ACSub5,102,Control,0,0
ACSub5,103,Control,0,0
ACSub5,104,Control,0,0
ACSub5,105,Control,0,0
ACSub5,106,Control,0,0
ACSub5,107,Control,0,0
ACSub5,108,Control,0,0
ACSub5,109,Control,0,0
ACSub5,110,Control,0,0
ACSub5,111,Control,0,0
ACSub5,112,Control,0,0
ACSub5,113,Control,0,0
ACSub5,114,Control,0,0
ACSub5,115,Control,0,0
ACSub5,116,Control,0,0
ACSub5,117,Control,0,0
ACSub5,118,Control,0,0
ACSub5,119,Control,0,0
ACSub5,120,Control,0,0
ACSub5,121,Control,0,0
ACSub5,122,Control,0,0
ACSub5,123,Control,0,0
ACSub5,124,Control,0,0
ACSub5,125,Control,0,0
ACSub5,126,Control,0,0
ACSub5,127,Control,0,0
ACSub5,128,Control,0,0
ACSub5,129,Control,0,0
ACSub5,130,Control,0,0
ACSub5,131,Control,0,0
ACSub5,132,Control,0,0
ACSub5,133,Control,0,0
ACSub5,134,Control,0,0
ACSub5,135,Control,0,0
ACSub5,136,Control,0,0
ACSub5,137,Control,0,0
ACSub5,138,Control,0,0
ACSub5,139,Control,0,0
ACSub5,140,Control,0,0
ACSub5,141,Control,0,0
ACSub5,142,Control,0,0
ACSub5,143,Control,0,0
ACSub5,144,Control,0,0
ACSub5,145,Control,0,0
ACSub5,146,Control,0,0
ACSub5,147,Control,0,0
ACSub5,148,Control,0,0
ACSub6,0,Control,0,1
ACSub6,1,Control,0,1
ACSub6,2,Control,0,1
ACSub6,3,Control,0,1
ACSub6,4,Control,0,1
ACSub6,5,Control,0,1
ACSub6,6,Control,0,1
ACSub6,7,Control,0,1
ACSub6,8,Control,0,1
ACSub6,9,Control,0,1
ACSub6,10,Control,0,1
ACSub6,11,Control,0,1
ACSub6,12,Control,0,1
ACSub6,13,Control,0,1
ACSub6,14,Control,0,1
ACSub6,15,Control,0,1
ACSub6,16,Control,0,1
ACSub6,17,Control,0,1
ACSub6,18,Control,0,1
ACSub6,19,Control,0,1
ACSub6,20,Control,0,1
ACSub6,21,Control,0,1
ACSub6,22,Control,0,1
ACSub6,23,Control,0,1
ACSub6,24,Control,0,1
ACSub6,25,Control,0,1
ACSub6,26,Control,0,1
ACSub6,27,Control,0,1
ACSub6,28,Control,0,1
ACSub6,29,Control,0,1
ACSub6,30,Control,0,1
ACSub6,31,Control,0,1
ACSub6,32,Control,0,1
ACSub6,33,Control,0,1
ACSub6,34,Control,0,1
ACSub6,35,Control,0,1
ACSub6,36,Control,0,1
ACSub6,37,Control,0,1
ACSub6,38,Control,0,1
ACSub6,39,Control,0,1
ACSub6,40,Control,0,1
ACSub6,41,Control,0,1
ACSub6,42,Control,0,1
ACSub6,43,Control,0,1
ACSub6,44,Control,0,1
ACSub6,45,Control,0,1
ACSub6,46,Control,0,1
ACSub6,47,Control,0,1
ACSub6,48,Control,0,1
ACSub6,49,Control,0,1
ACSub6,50,Control,0,1
ACSub6,51,Control,0,1
ACSub6,52,Control,0,1
ACSub6,53,Control,0,1
ACSub6,54,Control,0,1
ACSub6,55,Control,0,1
ACSub6,56,Control,0,1
ACSub6,57,Control,0,1
ACSub6,58,Control,0,1
ACSub6,59,Control,0,1
ACSub6,60,Control,0,1
ACSub6,61,Control,0,1
ACSub6,62,Control,0,1
ACSub6,63,Control,0,1
ACSub6,64,Control,0,1
ACSub6,65,Control,0,1
ACSub6,66,Control,0,1
ACSub6,67,Control,0,1
ACSub6,68,Control,0,1
ACSub6,69,Control,0,1
ACSub6,70,Control,0,1
ACSub6,71,Control,0,1
ACSub6,72,Control,0,1
ACSub6,73,Control,0,1
ACSub6,74,Control,0,1
ACSub6,75,Control,0,1
ACSub6,76,Control,0,1
ACSub6,77,Control,0,1
ACSub6,78,Control,0,1
ACSub6,79,Control,0,1
ACSub6,80,Control,0,1
ACSub6,81,Control,0,1
ACSub6,82,Control,0,1
ACSub6,83,Control,0,1
ACSub6,84,Control,0,1
ACSub6,85,Control,0,1
ACSub6,86,Control,0,1
ACSub6,87,Control,0,1
ACSub6,88,Control,0,1
ACSub6,89,Control,0,1
ACSub6,90,Control,0,1
ACSub6,91,Control,0,1
ACSub6,92,Control,0,1
ACSub6,93,Control,0,1
ACSub6,94,Control,0,1
ACSub6,95,Control,0,1
ACSub6,96,Control,0,1
ACSub6,97,Control,0,1
ACSub6,98,Control,0,1
ACSub6,99,Control,0,1
ACSub6,100,Control,0,1
ACSub6,101,Control,0,1
ACSub6,102,Control,0,1
ACSub6,103,Control,0,1
ACSub6,104,Control,0,1
ACSub6,105,Control,0,1
ACSub6,106,Control,0,1
ACSub6,107,Control,0,1
ACSub6,108,Control,0,1
ACSub6,109,Control,0,1
ACSub6,110,Control,0,1
ACSub6,111,Control,0,1
ACSub6,112,Control,0,1
ACSub6,113,Control,0,1
ACSub6,114,Control,0,1
ACSub6,115,Control,0,1
ACSub6,116,Control,0,1
ACSub6,117,Control,0,1
ACSub6,118,Control,0,1
ACSub6,119,Control,0,1
ACSub6,120,Control,0,1
ACSub6,121,Control,0,1
ACSub6,122,Control,0,1
ACSub6,123,Control,0,1
ACSub6,124,Control,0,1
ACSub6,125,Control,0,1
ACSub6,126,Control,0,1
ACSub6,127,Control,0,1
ACSub6,128,Control,0,1
ACSub6,129,Control,0,1
ACSub6,130,Control,0,1
ACSub6,131,Control,0,1
ACSub6,132,Control,0,1
ACSub6,133,Control,0,1
ACSub6,134,Control,0,1
ACSub6,135,Control,0,1
ACSub6,136,Control,0,1
ACSub6,137,Control,0,1
ACSub6,138,Control,0,1
ACSub6,139,Control,0,1
ACSub6,140,Control,0,1
ACSub6,141,Control,0,1
ACSub6,142,Control,0,1
ACSub6,143,Control,0,1
ACSub6,144,Control,0,1
ACSub6,145,Control,0,1
ACSub6,146,Control,0,1
ACSub6,147,Control,0,1
ACSub6,148,Control,0,1
ACSub7,0,Control,0,0
ACSub7,1,Control,0,0
ACSub7,2,Control,0,0
ACSub7,3,Control,0,0
ACSub7,4,Control,0,0
ACSub7,5,Control,0,0
ACSub7,6,Control,0,0
ACSub7,7,Control,0,0
ACSub7,8,Control,0,0
ACSub7,9,Control,0,0
ACSub7,10,Control,0,0
ACSub7,11,Control,0,0
ACSub7,12,Control,0,0
ACSub7,13,Control,0,0
ACSub7,14,Control,0,0
ACSub7,15,Control,0,0
ACSub7,16,Control,0,0
ACSub7,17,Control,0,0
ACSub7,18,Control,0,0
ACSub7,19,Control,0,0
ACSub7,20,Control,0,0
ACSub7,21,Control,0,0
ACSub7,22,Control,0,0
ACSub7,23,Control,0,0
ACSub7,24,Control,0,0
ACSub7,25,Control,0,0
ACSub7,26,Control,0,0
ACSub7,27,Control,0,0
ACSub7,28,Control,0,0
ACSub7,29,Control,0,0
ACSub7,30,Control,0,0
ACSub7,31,Control,0,0
ACSub7,32,Control,0,0
ACSub7,33,Control,0,0
ACSub7,34,Control,0,0
ACSub7,35,Control,0,0
ACSub7,36,Control,0,0
ACSub7,37,Control,0,0
ACSub7,38,Control,0,0
ACSub7,39,Control,0,0
ACSub7,40,Control,0,0
ACSub7,41,Control,0,0
ACSub7,42,Control,0,0
ACSub7,43,Control,0,0
ACSub7,44,Control,0,0
ACSub7,45,Control,0,0
ACSub7,46,Control,0,0
ACSub7,47,Control,0,0
ACSub7,48,Control,0,0
ACSub7,49,Control,0,0
ACSub7,50,Control,0,0
ACSub7,51,Control,0,0
ACSub7,52,Control,0,0
ACSub7,53,Control,0,0
ACSub7,54,Control,0,0
ACSub7,55,Control,0,0
ACSub7,56,Control,0,0
ACSub7,57,Control,0,0
ACSub7,58,Control,0,0
ACSub7,59,Control,0,0
ACSub7,60,Control,0,0
ACSub7,61,Control,0,0
ACSub7,62,Control,0,0
ACSub7,63,Control,0,0
ACSub7,64,Control,0,0
ACSub7,65,Control,0,0
ACSub7,66,Control,0,0
ACSub7,67,Control,0,0
ACSub7,68,Control,0,0
ACSub7,69,Control,0,0
ACSub7,70,Control,0,0
ACSub7,71,Control,0,0
ACSub7,72,Control,0,0
ACSub7,73,Control,0,0
ACSub7,74,Control,0,0
ACSub7,75,Control,0,0
ACSub7,76,Control,0,0
ACSub7,77,Control,0,0
ACSub7,78,Control,0,0
ACSub7,79,Control,0,0
ACSub7,80,Control,0,0
ACSub7,81,Control,0,0
ACSub7,82,Control,0,0
ACSub7,83,Control,0,0
ACSub7,84,Control,0,0
ACSub7,85,Control,0,0
ACSub7,86,Control,0,0
ACSub7,87,Control,0,0
ACSub7,88,Control,0,0
ACSub7,89,Control,0,0
ACSub7,90,Control,0,0
ACSub7,91,Control,0,0
ACSub7,92,Control,0,0
ACSub7,93,Control,0,0
ACSub7,94,Control,0,0
ACSub7,95,Control,0,0
ACSub7,96,Control,0,0
ACSub7,97,Control,0,0
ACSub7,98,Control,0,0
ACSub7,99,Control,0,0
ACSub7,100,Control,0,0
ACSub7,101,Control,0,0
ACSub7,102,Control,0,0
ACSub7,103,Control,0,0
ACSub7,104,Control,0,0
ACSub7,105,Control,0,0
ACSub7,106,Control,0,0
ACSub7,107,Control,0,0
ACSub7,108,Control,0,0
ACSub7,109,Control,0,0
ACSub7,110,Control,0,0
ACSub7,111,Control,0,0
ACSub7,112,Control,0,0
ACSub7,113,Control,0,0
ACSub7,114,Control,0,0
ACSub7,115,Control,0,0
ACSub7,116,Control,0,0
ACSub7,117,Control,0,0
ACSub7,118,Control,0,0
ACSub7,119,Control,0,0
ACSub7,120,Control,0,0
ACSub7,121,Control,0,0
ACSub7,122,Control,0,0
ACSub7,123,Control,0,0
ACSub7,124,Control,0,0
ACSub7,125,Control,0,0
ACSub7,126,Control,0,0
ACSub7,127,Control,0,0
ACSub7,128,Control,0,0
ACSub7,129,Control,0,0
ACSub7,130,Control,0,0
ACSub7,131,Control,0,0
ACSub7,132,Control,0,0
ACSub7,133,Control,0,0
ACSub7,134,Control,0,0
ACSub7,135,Control,0,0
ACSub7,136,Control,0,0
ACSub7,137,Control,0,0
ACSub7,138,Control,0,0
ACSub7,139,Control,0,0
ACSub7,140,Control,0,0
ACSub7,141,Control,0,0
ACSub7,142,Control,0,0
ACSub7,143,Control,0,0
ACSub7,144,Control,0,0
ACSub7,145,Control,0,0
ACSub7,146,Control,0,0
ACSub7,147,Control,0,0
ACSub7,148,Control,0,0
ACSub8,0,Control,0,0
ACSub8,1,Control,0,0
ACSub8,2,Control,0,0
ACSub8,3,Control,0,0
ACSub8,4,Control,0,0
ACSub8,5,Control,0,0
ACSub8,6,Control,0,0
ACSub8,7,Control,0,0
ACSub8,8,Control,0,0
ACSub8,9,Control,0,0
ACSub8,10,Control,0,0
ACSub8,11,Control,0,0
ACSub8,12,Control,0,0
ACSub8,13,Control,0,0
ACSub8,14,Control,0,0
ACSub8,15,Control,0,0
ACSub8,16,Control,0,0
ACSub8,17,Control,0,0
ACSub8,18,Control,0,0
ACSub8,19,Control,0,0
ACSub8,20,Control,0,0
ACSub8,21,Control,0,0
ACSub8,22,Control,0,0
ACSub8,23,Control,0,0
ACSub8,24,Control,0,0
ACSub8,25,Control,0,0
ACSub8,26,Control,0,0
ACSub8,27,Control,0,0
ACSub8,28,Control,0,0
ACSub8,29,Control,0,0
ACSub8,30,Control,0,0
ACSub8,31,Control,0,0
ACSub8,32,Control,0,0
ACSub8,33,Control,0,0
ACSub8,34,Control,0,0
ACSub8,35,Control,0,0
ACSub8,36,Control,0,0
ACSub8,37,Control,0,0
ACSub8,38,Control,0,0
ACSub8,39,Control,0,0
ACSub8,40,Control,0,0
ACSub8,41,Control,0,0
ACSub8,42,Control,0,0
ACSub8,43,Control,0,0
ACSub8,44,Control,0,0
ACSub8,45,Control,0,0
ACSub8,46,Control,0,0
ACSub8,47,Control,0,0
ACSub8,48,Control,0,0
ACSub8,49,Control,0,0
ACSub8,50,Control,0,0
ACSub8,51,Control,0,0
ACSub8,52,Control,0,0
ACSub8,53,Control,0,0
ACSub8,54,Control,0,0
ACSub8,55,Control,0,0
ACSub8,56,Control,0,0
ACSub8,57,Control,0,0
ACSub8,58,Control,0,0
ACSub8,59,Control,0,0
ACSub8,60,Control,0,0
ACSub8,61,Control,0,0
ACSub8,62,Control,0,0
ACSub8,63,Control,0,0
ACSub8,64,Control,0,0
ACSub8,65,Control,0,0
ACSub8,66,Control,0,0
ACSub8,67,Control,0,0
ACSub8,68,Control,0,0
ACSub8,69,Control,0,0
ACSub8,70,Control,0,0
ACSub8,71,Control,0,0
ACSub8,72,Control,0,0
ACSub8,73,Control,0,0
ACSub8,74,Control,0,0
ACSub8,75,Control,0,0
ACSub8,76,Control,0,0
ACSub8,77,Control,0,0
ACSub8,78,Control,0,0
ACSub8,79,Control,0,0
ACSub8,80,Control,0,0
ACSub8,81,Control,0,0
ACSub8,82,Control,0,0
ACSub8,83,Control,0,0
ACSub8,84,Control,0,0
ACSub8,85,Control,0,0
ACSub8,86,Control,0,0
ACSub8,87,Control,0,0
ACSub8,88,Control,0,0
ACSub8,89,Control,0,0
ACSub8,90,Control,0,0
ACSub8,91,Control,0,0
ACSub8,92,Control,0,0
ACSub8,93,Control,0,0
ACSub8,94,Control,0,0
ACSub8,95,Control,0,0
ACSub8,96,Control,0,0
ACSub8,97,Control,0,0
ACSub8,98,Control,0,0
ACSub8,99,Control,0,0
ACSub8,100,Control,0,0
ACSub8,101,Control,0,0
ACSub8,102,Control,0,0
ACSub8,103,Control,0,0
ACSub8,104,Control,0,0
ACSub8,105,Control,0,0
ACSub8,106,Control,0,0
ACSub8,107,Control,0,0
ACSub8,108,Control,0,0
ACSub8,109,Control,0,0
ACSub8,110,Control,0,0
ACSub8,111,Control,0,0
ACSub8,112,Control,0,0
ACSub8,113,Control,0,0
ACSub8,114,Control,0,0
ACSub8,115,Control,0,0
ACSub8,116,Control,0,0
ACSub8,117,Control,0,0
ACSub8,118,Control,0,0
ACSub8,119,Control,0,0
ACSub8,120,Control,0,0
ACSub8,121,Control,0,0
ACSub8,122,Control,0,0
ACSub8,123,Control,0,0
ACSub8,124,Control,0,0
ACSub8,125,Control,0,0
ACSub8,126,Control,0,0
ACSub8,127,Control,0,0
ACSub8,128,Control,0,0
ACSub8,129,Control,0,0
ACSub8,130,Control,0,0
ACSub8,131,Control,0,0
ACSub8,132,Control,0,0
ACSub8,133,Control,0,0
ACSub8,134,Control,0,0
ACSub8,135,Control,0,0
ACSub8,136,Control,0,0
ACSub8,137,Control,0,0
ACSub8,138,Control,0,0
ACSub8,139,Control,0,0
ACSub8,140,Control,0,0
ACSub8,141,Control,0,0
ACSub8,142,Control,0,0
ACSub8,143,Control,0,0
ACSub8,144,Control,0,0
ACSub8,145,Control,0,0
ACSub8,146,Control,0,0
ACSub8,147,Control,0,0
ACSub8,148,Control,0,0
ACSub9,0,Control,0,1
ACSub9,1,Control,0,1
ACSub9,2,Control,0,1
ACSub9,3,Control,0,1
ACSub9,4,Control,0,1
ACSub9,5,Control,0,1
ACSub9,6,Control,0,1
ACSub9,7,Control,0,1
ACSub9,8,Control,0,1
ACSub9,9,Control,0,1
ACSub9,10,Control,0,1
ACSub9,11,Control,0,1
ACSub9,12,Control,0,1
ACSub9,13,Control,0,1
ACSub9,14,Control,0,1
ACSub9,15,Control,0,1
ACSub9,16,Control,0,1
ACSub9,17,Control,0,1
ACSub9,18,Control,0,1
ACSub9,19,Control,0,1
ACSub9,20,Control,0,1
ACSub9,21,Control,0,1
ACSub9,22,Control,0,1
ACSub9,23,Control,0,1
ACSub9,24,Control,0,1
ACSub9,25,Control,0,1
ACSub9,26,Control,0,1
ACSub9,27,Control,0,1
ACSub9,28,Control,0,1
ACSub9,29,Control,0,1
ACSub9,30,Control,0,1
ACSub9,31,Control,0,1
ACSub9,32,Control,0,1
ACSub9,33,Control,0,1
ACSub9,34,Control,0,1
ACSub9,35,Control,0,1
ACSub9,36,Control,0,1
ACSub9,37,Control,0,1
ACSub9,38,Control,0,1
ACSub9,39,Control,0,1
ACSub9,40,Control,0,1
ACSub9,41,Control,0,1
ACSub9,42,Control,0,1
ACSub9,43,Control,0,1
ACSub9,44,Control,0,1
ACSub9,45,Control,0,1
ACSub9,46,Control,0,1
ACSub9,47,Control,0,1
ACSub9,48,Control,0,1
ACSub9,49,Control,0,1
ACSub9,50,Control,0,1
ACSub9,51,Control,0,1
ACSub9,52,Control,0,1
ACSub9,53,Control,0,1
ACSub9,54,Control,0,1
ACSub9,55,Control,0,1
ACSub9,56,Control,0,1
ACSub9,57,Control,0,1
ACSub9,58,Control,0,1
ACSub9,59,Control,0,1
ACSub9,60,Control,0,1
ACSub9,61,Control,0,1
ACSub9,62,Control,0,1
ACSub9,63,Control,0,1
ACSub9,64,Control,0,1
ACSub9,65,Control,0,1
ACSub9,66,Control,0,1
ACSub9,67,Control,0,1
ACSub9,68,Control,0,1
ACSub9,69,Control,0,1
ACSub9,70,Control,0,1
ACSub9,71,Control,0,1
ACSub9,72,Control,0,1
ACSub9,73,Control,0,1
ACSub9,74,Control,0,1
ACSub9,75,Control,0,1
ACSub9,76,Control,0,1
ACSub9,77,Control,0,1
ACSub9,78,Control,0,1
ACSub9,79,Control,0,1
ACSub9,80,Control,0,1
ACSub9,81,Control,0,1
ACSub9,82,Control,0,1
ACSub9,83,Control,0,1
ACSub9,84,Control,0,1
ACSub9,85,Control,0,1
ACSub9,86,Control,0,1
ACSub9,87,Control,0,1
ACSub9,88,Control,0,1
ACSub9,89,Control,0,1
ACSub9,90,Control,0,1
ACSub9,91,Control,0,1
ACSub9,92,Control,0,1
ACSub9,93,Control,0,1
ACSub9,94,Control,0,1
ACSub9,95,Control,0,1
ACSub9,96,Control,0,1
ACSub9,97,Control,0,1
ACSub9,98,Control,0,1
ACSub9,99,Control,0,1
ACSub9,100,Control,0,1
ACSub9,101,Control,0,1
ACSub9,102,Control,0,1
ACSub9,103,Control,0,1
ACSub9,104,Control,0,1
ACSub9,105,Control,0,1
ACSub9,106,Control,0,1
ACSub9,107,Control,0,1
ACSub9,108,Control,0,1
ACSub9,109,Control,0,1
ACSub9,110,Control,0,1
ACSub9,111,Control,0,1
ACSub9,112,Control,0,1
ACSub9,113,Control,0,1
ACSub9,114,Control,0,1
ACSub9,115,Control,0,1
ACSub9,116,Control,0,1
ACSub9,117,Control,0,1
ACSub9,118,Control,0,1
ACSub9,119,Control,0,1
ACSub9,120,Control,0,1
ACSub9,121,Control,0,1
ACSub9,122,Control,0,1
ACSub9,123,Control,0,1
ACSub9,124,Control,0,1
ACSub9,125,Control,0,1
ACSub9,126,Control,0,1
ACSub9,127,Control,0,1
ACSub9,128,Control,0,1
ACSub9,129,Control,0,1
ACSub9,130,Control,0,1
ACSub9,131,Control,0,1
ACSub9,132,Control,0,1
ACSub9,133,Control,0,1
ACSub9,134,Control,0,1
ACSub9,135,Control,0,1
ACSub9,136,Control,0,1
ACSub9,137,Control,0,1
ACSub9,138,Control,0,1
ACSub9,139,Control,0,1
ACSub9,140,Control,0,1
ACSub9,141,Control,0,1
ACSub9,142,Control,0,1
ACSub9,143,Control,0,1
ACSub9,144,Control,0,1
ACSub9,145,Control,0,1
ACSub9,146,Control,0,1
ACSub9,147,Control,0,1
ACSub9,148,Control,0,1
ASub1,0,Anxiety,1,1
ASub1,1,Anxiety,1,1
ASub1,2,Anxiety,1,1
ASub1,3,Anxiety,1,1
ASub1,4,Anxiety,1,1
ASub1,5,Anxiety,1,1
ASub1,6,Anxiety,1,1
ASub1,7,Anxiety,1,1
ASub1,8,Anxiety,1,1
ASub1,9,Anxiety,1,1
ASub1,10,Anxiety,1,1
ASub1,11,Anxiety,1,1
ASub1,12,Anxiety,1,1
ASub1,13,Anxiety,1,1
ASub1,14,Anxiety,1,1
ASub1,15,Anxiety,1,1
ASub1,16,Anxiety,1,1
ASub1,17,Anxiety,1,1
ASub1,18,Anxiety,1,1
ASub1,19,Anxiety,1,1
ASub1,20,Anxiety,1,1
ASub1,21,Anxiety,1,1
ASub1,22,Anxiety,1,1
ASub1,23,Anxiety,1,1
ASub1,24,Anxiety,1,1
ASub1,25,Anxiety,1,1
ASub1,26,Anxiety,1,1
ASub1,27,Anxiety,1,1
ASub1,28,Anxiety,1,1
ASub1,29,Anxiety,1,1
ASub1,30,Anxiety,1,1
ASub1,31,Anxiety,1,1
ASub1,32,Anxiety,1,1
ASub1,33,Anxiety,1,1
ASub1,34,Anxiety,1,1
ASub1,35,Anxiety,1,1
ASub1,36,Anxiety,1,1
ASub1,37,Anxiety,1,1
ASub1,38,Anxiety,1,1
ASub1,39,Anxiety,1,1
ASub1,40,Anxiety,1,1
ASub1,41,Anxiety,1,1
ASub1,42,Anxiety,1,1
ASub1,43,Anxiety,1,1
ASub1,44,Anxiety,1,1
ASub1,45,Anxiety,1,1
ASub1,46,Anxiety,1,1
ASub1,47,Anxiety,1,1
ASub1,48,Anxiety,1,1
ASub1,49,Anxiety,1,1
ASub1,50,Anxiety,1,1
ASub1,51,Anxiety,1,1
ASub1,52,Anxiety,1,1
ASub1,53,Anxiety,1,1
ASub1,54,Anxiety,1,1
ASub1,55,Anxiety,1,1
ASub1,56,Anxiety,1,1
ASub1,57,Anxiety,1,1
ASub1,58,Anxiety,1,1
ASub1,59,Anxiety,1,1
ASub1,60,Anxiety,1,1
ASub1,61,Anxiety,1,1
ASub1,62,Anxiety,1,1
ASub1,63,Anxiety,1,1
ASub1,64,Anxiety,1,1
ASub1,65,Anxiety,1,1
ASub1,66,Anxiety,1,1
ASub1,67,Anxiety,1,1
ASub1,68,Anxiety,1,1
ASub1,69,Anxiety,1,1
ASub1,70,Anxiety,1,1
ASub1,71,Anxiety,1,1
ASub1,72,Anxiety,1,1
ASub1,73,Anxiety,1,1
ASub1,74,Anxiety,1,1
ASub1,75,Anxiety,1,1
ASub1,76,Anxiety,1,1
ASub1,77,Anxiety,1,1
ASub1,78,Anxiety,1,1
ASub1,79,Anxiety,1,1
ASub1,80,Anxiety,1,1
ASub1,81,Anxiety,1,1
ASub1,82,Anxiety,1,1
ASub1,83,Anxiety,1,1
ASub1,84,Anxiety,1,1
ASub1,85,Anxiety,1,1
ASub1,86,Anxiety,1,1
ASub1,87,Anxiety,1,1
ASub1,88,Anxiety,1,1
ASub1,89,Anxiety,1,1
ASub1,90,Anxiety,1,1
ASub1,91,Anxiety,1,1
ASub1,92,Anxiety,1,1
ASub1,93,Anxiety,1,1
ASub1,94,Anxiety,1,1
ASub1,95,Anxiety,1,1
ASub1,96,Anxiety,1,1
ASub1,97,Anxiety,1,1
ASub1,98,Anxiety,1,1
ASub1,99,Anxiety,1,1
ASub1,100,Anxiety,1,1
ASub1,101,Anxiety,1,1
ASub1,102,Anxiety,1,1
ASub1,103,Anxiety,1,1
ASub1,104,Anxiety,1,1
ASub1,105,Anxiety,1,1
ASub1,106,Anxiety,1,1
ASub1,107,Anxiety,1,1
ASub1,108,Anxiety,1,1
ASub1,109,Anxiety,1,1
ASub1,110,Anxiety,1,1
ASub1,111,Anxiety,1,1
ASub1,112,Anxiety,1,1
ASub1,113,Anxiety,1,1
ASub1,114,Anxiety,1,1
ASub1,115,Anxiety,1,1
ASub1,116,Anxiety,1,1
ASub1,117,Anxiety,1,1
ASub1,118,Anxiety,1,1
ASub1,119,Anxiety,1,1
ASub1,120,Anxiety,1,1
ASub1,121,Anxiety,1,1
ASub1,122,Anxiety,1,1
ASub1,123,Anxiety,1,1
ASub1,124,Anxiety,1,1
ASub1,125,Anxiety,1,1
ASub1,126,Anxiety,1,1
ASub1,127,Anxiety,1,1
ASub1,128,Anxiety,1,1
ASub1,129,Anxiety,1,1
ASub1,130,Anxiety,1,1
ASub1,131,Anxiety,1,1
ASub1,132,Anxiety,1,1
ASub1,133,Anxiety,1,1
ASub1,134,Anxiety,1,1
ASub1,135,Anxiety,1,1
ASub1,136,Anxiety,1,1
ASub1,137,Anxiety,1,1
ASub1,138,Anxiety,1,1
ASub1,139,Anxiety,1,1
ASub1,140,Anxiety,1,1
ASub1,141,Anxiety,1,1
ASub1,142,Anxiety,1,1
ASub1,143,Anxiety,1,1
ASub1,144,Anxiety,1,1
ASub1,145,Anxiety,1,1
ASub1,146,Anxiety,1,1
ASub1,147,Anxiety,1,1
ASub1,148,Anxiety,1,1
ASub10,0,Anxiety,1,1
ASub10,1,Anxiety,1,1
ASub10,2,Anxiety,1,1
ASub10,3,Anxiety,1,1
ASub10,4,Anxiety,1,1
ASub10,5,Anxiety,1,1
ASub10,6,Anxiety,1,1
ASub10,7,Anxiety,1,1
ASub10,8,Anxiety,1,1
ASub10,9,Anxiety,1,1
ASub10,10,Anxiety,1,1
ASub10,11,Anxiety,1,1
ASub10,12,Anxiety,1,1
ASub10,13,Anxiety,1,1
ASub10,14,Anxiety,1,1
ASub10,15,Anxiety,1,1
ASub10,16,Anxiety,1,1
ASub10,17,Anxiety,1,1
ASub10,18,Anxiety,1,1
ASub10,19,Anxiety,1,1
ASub10,20,Anxiety,1,1
ASub10,21,Anxiety,1,1
ASub10,22,Anxiety,1,1
ASub10,23,Anxiety,1,1
ASub10,24,Anxiety,1,1
ASub10,25,Anxiety,1,1
ASub10,26,Anxiety,1,1
ASub10,27,Anxiety,1,1
ASub10,28,Anxiety,1,1
ASub10,29,Anxiety,1,1
ASub10,30,Anxiety,1,1
ASub10,31,Anxiety,1,1
ASub10,32,Anxiety,1,1
ASub10,33,Anxiety,1,1
ASub10,34,Anxiety,1,1
ASub10,35,Anxiety,1,1
ASub10,36,Anxiety,1,1
ASub10,37,Anxiety,1,1
ASub10,38,Anxiety,1,1
ASub10,39,Anxiety,1,1
ASub10,40,Anxiety,1,1
ASub10,41,Anxiety,1,1
ASub10,42,Anxiety,1,1
ASub10,43,Anxiety,1,1
ASub10,44,Anxiety,1,1
ASub10,45,Anxiety,1,1
ASub10,46,Anxiety,1,1
ASub10,47,Anxiety,1,1
ASub10,48,Anxiety,1,1
ASub10,49,Anxiety,1,1
ASub10,50,Anxiety,1,1
ASub10,51,Anxiety,1,1
ASub10,52,Anxiety,1,1
ASub10,53,Anxiety,1,1
ASub10,54,Anxiety,1,1
ASub10,55,Anxiety,1,1
ASub10,56,Anxiety,1,1
ASub10,57,Anxiety,1,1
ASub10,58,Anxiety,1,1
ASub10,59,Anxiety,1,1
ASub10,60,Anxiety,1,1
ASub10,61,Anxiety,1,1
ASub10,62,Anxiety,1,1
ASub10,63,Anxiety,1,1
ASub10,64,Anxiety,1,1
ASub10,65,Anxiety,1,1
ASub10,66,Anxiety,1,1
ASub10,67,Anxiety,1,1
ASub10,68,Anxiety,1,1
ASub10,69,Anxiety,1,1
ASub10,70,Anxiety,1,1
ASub10,71,Anxiety,1,1
ASub10,72,Anxiety,1,1
ASub10,73,Anxiety,1,1
ASub10,74,Anxiety,1,1
ASub10,75,Anxiety,1,1
ASub10,76,Anxiety,1,1
ASub10,77,Anxiety,1,1
ASub10,78,Anxiety,1,1
ASub10,79,Anxiety,1,1
ASub10,80,Anxiety,1,1
ASub10,81,Anxiety,1,1
ASub10,82,Anxiety,1,1
ASub10,83,Anxiety,1,1
ASub10,84,Anxiety,1,1
ASub10,85,Anxiety,1,1
ASub10,86,Anxiety,1,1
ASub10,87,Anxiety,1,1
ASub10,88,Anxiety,1,1
ASub10,89,Anxiety,1,1
ASub10,90,Anxiety,1,1
ASub10,91,Anxiety,1,1
ASub10,92,Anxiety,1,1
ASub10,93,Anxiety,1,1
ASub10,94,Anxiety,1,1
ASub10,95,Anxiety,1,1
ASub10,96,Anxiety,1,1
ASub10,97,Anxiety,1,1
ASub10,98,Anxiety,1,1
ASub10,99,Anxiety,1,1
ASub10,100,Anxiety,1,1
ASub10,101,Anxiety,1,1
ASub10,102,Anxiety,1,1
ASub10,103,Anxiety,1,1
ASub10,104,Anxiety,1,1
ASub10,105,Anxiety,1,1
ASub10,106,Anxiety,1,1
ASub10,107,Anxiety,1,1
ASub10,108,Anxiety,1,1
ASub10,109,Anxiety,1,1
ASub10,110,Anxiety,1,1
ASub10,111,Anxiety,1,1
ASub10,112,Anxiety,1,1
ASub10,113,Anxiety,1,1
ASub10,114,Anxiety,1,1
ASub10,115,Anxiety,1,1
ASub10,116,Anxiety,1,1
ASub10,117,Anxiety,1,1
ASub10,118,Anxiety,1,1
ASub10,119,Anxiety,1,1
ASub10,120,Anxiety,1,1
ASub10,121,Anxiety,1,1
ASub10,122,Anxiety,1,1
ASub10,123,Anxiety,1,1
ASub10,124,Anxiety,1,1
ASub10,125,Anxiety,1,1
ASub10,126,Anxiety,1,1
ASub10,127,Anxiety,1,1
ASub10,128,Anxiety,1,1
ASub10,129,Anxiety,1,1
ASub10,130,Anxiety,1,1
ASub10,131,Anxiety,1,1
ASub10,132,Anxiety,1,1
ASub10,133,Anxiety,1,1
ASub10,134,Anxiety,1,1
ASub10,135,Anxiety,1,1
ASub10,136,Anxiety,1,1
ASub10,137,Anxiety,1,1
ASub10,138,Anxiety,1,1
ASub10,139,Anxiety,1,1
ASub10,140,Anxiety,1,1
ASub10,141,Anxiety,1,1
ASub10,142,Anxiety,1,1
ASub10,143,Anxiety,1,1
ASub10,144,Anxiety,1,1
ASub10,145,Anxiety,1,1
ASub10,146,Anxiety,1,1
ASub10,147,Anxiety,1,1
ASub10,148,Anxiety,1,1
ASub11,0,Anxiety,1,1
ASub11,1,Anxiety,1,1
ASub11,2,Anxiety,1,1
ASub11,3,Anxiety,1,1
ASub11,4,Anxiety,1,1
ASub11,5,Anxiety,1,1
ASub11,6,Anxiety,1,1
ASub11,7,Anxiety,1,1
ASub11,8,Anxiety,1,1
ASub11,9,Anxiety,1,1
ASub11,10,Anxiety,1,1
ASub11,11,Anxiety,1,1
ASub11,12,Anxiety,1,1
ASub11,13,Anxiety,1,1
ASub11,14,Anxiety,1,1
ASub11,15,Anxiety,1,1
ASub11,16,Anxiety,1,1
ASub11,17,Anxiety,1,1
ASub11,18,Anxiety,1,1
ASub11,19,Anxiety,1,1
ASub11,20,Anxiety,1,1
ASub11,21,Anxiety,1,1
ASub11,22,Anxiety,1,1
ASub11,23,Anxiety,1,1
ASub11,24,Anxiety,1,1
ASub11,25,Anxiety,1,1
ASub11,26,Anxiety,1,1
ASub11,27,Anxiety,1,1
ASub11,28,Anxiety,1,1
ASub11,29,Anxiety,1,1
ASub11,30,Anxiety,1,1
ASub11,31,Anxiety,1,1
ASub11,32,Anxiety,1,1
ASub11,33,Anxiety,1,1
ASub11,34,Anxiety,1,1
ASub11,35,Anxiety,1,1
ASub11,36,Anxiety,1,1
ASub11,37,Anxiety,1,1
ASub11,38,Anxiety,1,1
ASub11,39,Anxiety,1,1
ASub11,40,Anxiety,1,1
ASub11,41,Anxiety,1,1
ASub11,42,Anxiety,1,1
ASub11,43,Anxiety,1,1
ASub11,44,Anxiety,1,1
ASub11,45,Anxiety,1,1
ASub11,46,Anxiety,1,1
ASub11,47,Anxiety,1,1
ASub11,48,Anxiety,1,1
ASub11,49,Anxiety,1,1
ASub11,50,Anxiety,1,1
ASub11,51,Anxiety,1,1
ASub11,52,Anxiety,1,1
ASub11,53,Anxiety,1,1
ASub11,54,Anxiety,1,1
ASub11,55,Anxiety,1,1
ASub11,56,Anxiety,1,1
ASub11,57,Anxiety,1,1
ASub11,58,Anxiety,1,1
ASub11,59,Anxiety,1,1
ASub11,60,Anxiety,1,1
ASub11,61,Anxiety,1,1
ASub11,62,Anxiety,1,1
ASub11,63,Anxiety,1,1
ASub11,64,Anxiety,1,1
ASub11,65,Anxiety,1,1
ASub11,66,Anxiety,1,1
ASub11,67,Anxiety,1,1
ASub11,68,Anxiety,1,1
ASub11,69,Anxiety,1,1
ASub11,70,Anxiety,1,1
ASub11,71,Anxiety,1,1
ASub11,72,Anxiety,1,1
ASub11,73,Anxiety,1,1
ASub11,74,Anxiety,1,1
ASub11,75,Anxiety,1,1
ASub11,76,Anxiety,1,1
ASub11,77,Anxiety,1,1
ASub11,78,Anxiety,1,1
ASub11,79,Anxiety,1,1
ASub11,80,Anxiety,1,1
ASub11,81,Anxiety,1,1
ASub11,82,Anxiety,1,1
ASub11,83,Anxiety,1,1
ASub11,84,Anxiety,1,1
ASub11,85,Anxiety,1,1
ASub11,86,Anxiety,1,1
ASub11,87,Anxiety,1,1
ASub11,88,Anxiety,1,1
ASub11,89,Anxiety,1,1
ASub11,90,Anxiety,1,1
ASub11,91,Anxiety,1,1
ASub11,92,Anxiety,1,1
ASub11,93,Anxiety,1,1
ASub11,94,Anxiety,1,1
ASub11,95,Anxiety,1,1
ASub11,96,Anxiety,1,1
ASub11,97,Anxiety,1,1
ASub11,98,Anxiety,1,1
ASub11,99,Anxiety,1,1
ASub11,100,Anxiety,1,1
ASub11,101,Anxiety,1,1
ASub11,102,Anxiety,1,1
ASub11,103,Anxiety,1,1
ASub11,104,Anxiety,1,1
ASub11,105,Anxiety,1,1
ASub11,106,Anxiety,1,1
ASub11,107,Anxiety,1,1
ASub11,108,Anxiety,1,1
ASub11,109,Anxiety,1,1
ASub11,110,Anxiety,1,1
ASub11,111,Anxiety,1,1
ASub11,112,Anxiety,1,1
ASub11,113,Anxiety,1,1
ASub11,114,Anxiety,1,1
ASub11,115,Anxiety,1,1
ASub11,116,Anxiety,1,1
ASub11,117,Anxiety,1,1
ASub11,118,Anxiety,1,1
ASub11,119,Anxiety,1,1
ASub11,120,Anxiety,1,1
ASub11,121,Anxiety,1,1
ASub11,122,Anxiety,1,1
ASub11,123,Anxiety,1,1
ASub11,124,Anxiety,1,1
ASub11,125,Anxiety,1,1
ASub11,126,Anxiety,1,1
ASub11,127,Anxiety,1,1
ASub11,128,Anxiety,1,1
ASub11,129,Anxiety,1,1
ASub11,130,Anxiety,1,1
ASub11,131,Anxiety,1,1
ASub11,132,Anxiety,1,1
ASub11,133,Anxiety,1,1
ASub11,134,Anxiety,1,1
ASub11,135,Anxiety,1,1
ASub11,136,Anxiety,1,1
ASub11,137,Anxiety,1,1
ASub11,138,Anxiety,1,1
ASub11,139,Anxiety,1,1
ASub11,140,Anxiety,1,1
ASub11,141,Anxiety,1,1
ASub11,142,Anxiety,1,1
ASub11,143,Anxiety,1,1
ASub11,144,Anxiety,1,1
ASub11,145,Anxiety,1,1
ASub11,146,Anxiety,1,1
ASub11,147,Anxiety,1,1
ASub11,148,Anxiety,1,1
ASub12,0,Anxiety,1,0
ASub12,1,Anxiety,1,0
ASub12,2,Anxiety,1,0
ASub12,3,Anxiety,1,0
ASub12,4,Anxiety,1,0
ASub12,5,Anxiety,1,0
ASub12,6,Anxiety,1,0
ASub12,7,Anxiety,1,0
ASub12,8,Anxiety,1,0
ASub12,9,Anxiety,1,0
ASub12,10,Anxiety,1,0
ASub12,11,Anxiety,1,0
ASub12,12,Anxiety,1,0
ASub12,13,Anxiety,1,0
ASub12,14,Anxiety,1,0
ASub12,15,Anxiety,1,0
ASub12,16,Anxiety,1,0
ASub12,17,Anxiety,1,0
ASub12,18,Anxiety,1,0
ASub12,19,Anxiety,1,0
ASub12,20,Anxiety,1,0
ASub12,21,Anxiety,1,0
ASub12,22,Anxiety,1,0
ASub12,23,Anxiety,1,0
ASub12,24,Anxiety,1,0
ASub12,25,Anxiety,1,0
ASub12,26,Anxiety,1,0
ASub12,27,Anxiety,1,0
ASub12,28,Anxiety,1,0
ASub12,29,Anxiety,1,0
ASub12,30,Anxiety,1,0
ASub12,31,Anxiety,1,0
ASub12,32,Anxiety,1,0
ASub12,33,Anxiety,1,0
ASub12,34,Anxiety,1,0
ASub12,35,Anxiety,1,0
ASub12,36,Anxiety,1,0
ASub12,37,Anxiety,1,0
ASub12,38,Anxiety,1,0
ASub12,39,Anxiety,1,0
ASub12,40,Anxiety,1,0
ASub12,41,Anxiety,1,0
ASub12,42,Anxiety,1,0
ASub12,43,Anxiety,1,0
ASub12,44,Anxiety,1,0
ASub12,45,Anxiety,1,0
ASub12,46,Anxiety,1,0
ASub12,47,Anxiety,1,0
ASub12,48,Anxiety,1,0
ASub12,49,Anxiety,1,0
ASub12,50,Anxiety,1,0
ASub12,51,Anxiety,1,0
ASub12,52,Anxiety,1,0
ASub12,53,Anxiety,1,0
ASub12,54,Anxiety,1,0
ASub12,55,Anxiety,1,0
ASub12,56,Anxiety,1,0
ASub12,57,Anxiety,1,0
ASub12,58,Anxiety,1,0
ASub12,59,Anxiety,1,0
ASub12,60,Anxiety,1,0
ASub12,61,Anxiety,1,0
ASub12,62,Anxiety,1,0
ASub12,63,Anxiety,1,0
ASub12,64,Anxiety,1,0
ASub12,65,Anxiety,1,0
ASub12,66,Anxiety,1,0
ASub12,67,Anxiety,1,0
ASub12,68,Anxiety,1,0
ASub12,69,Anxiety,1,0
ASub12,70,Anxiety,1,0
ASub12,71,Anxiety,1,0
ASub12,72,Anxiety,1,0
ASub12,73,Anxiety,1,0
ASub12,74,Anxiety,1,0
ASub12,75,Anxiety,1,0
ASub12,76,Anxiety,1,0
ASub12,77,Anxiety,1,0
ASub12,78,Anxiety,1,0
ASub12,79,Anxiety,1,0
ASub12,80,Anxiety,1,0
ASub12,81,Anxiety,1,0
ASub12,82,Anxiety,1,0
ASub12,83,Anxiety,1,0
ASub12,84,Anxiety,1,0
ASub12,85,Anxiety,1,0
ASub12,86,Anxiety,1,0
ASub12,87,Anxiety,1,0
ASub12,88,Anxiety,1,0
ASub12,89,Anxiety,1,0
ASub12,90,Anxiety,1,0
ASub12,91,Anxiety,1,0
ASub12,92,Anxiety,1,0
ASub12,93,Anxiety,1,0
ASub12,94,Anxiety,1,0
ASub12,95,Anxiety,1,0
ASub12,96,Anxiety,1,0
ASub12,97,Anxiety,1,0
ASub12,98,Anxiety,1,0
ASub12,99,Anxiety,1,0
ASub12,100,Anxiety,1,0
ASub12,101,Anxiety,1,0
ASub12,102,Anxiety,1,0
ASub12,103,Anxiety,1,0
ASub12,104,Anxiety,1,0
ASub12,105,Anxiety,1,0
ASub12,106,Anxiety,1,0
ASub12,107,Anxiety,1,0
ASub12,108,Anxiety,1,0
ASub12,109,Anxiety,1,0
ASub12,110,Anxiety,1,0
ASub12,111,Anxiety,1,0
ASub12,112,Anxiety,1,0
ASub12,113,Anxiety,1,0
ASub12,114,Anxiety,1,0
ASub12,115,Anxiety,1,0
ASub12,116,Anxiety,1,0
ASub12,117,Anxiety,1,0
ASub12,118,Anxiety,1,0
ASub12,119,Anxiety,1,0
ASub12,120,Anxiety,1,0
ASub12,121,Anxiety,1,0
ASub12,122,Anxiety,1,0
ASub12,123,Anxiety,1,0
ASub12,124,Anxiety,1,0
ASub12,125,Anxiety,1,0
ASub12,126,Anxiety,1,0
ASub12,127,Anxiety,1,0
ASub12,128,Anxiety,1,0
ASub12,129,Anxiety,1,0
ASub12,130,Anxiety,1,0
ASub12,131,Anxiety,1,0
ASub12,132,Anxiety,1,0
ASub12,133,Anxiety,1,0
ASub12,134,Anxiety,1,0
ASub12,135,Anxiety,1,0
ASub12,136,Anxiety,1,0
ASub12,137,Anxiety,1,0
ASub12,138,Anxiety,1,0
ASub12,139,Anxiety,1,0
ASub12,140,Anxiety,1,0
ASub12,141,Anxiety,1,0
ASub12,142,Anxiety,1,0
ASub12,143,Anxiety,1,0
ASub12,144,Anxiety,1,0
ASub12,145,Anxiety,1,0
ASub12,146,Anxiety,1,0
ASub12,147,Anxiety,1,0
ASub12,148,Anxiety,1,0
ASub13,0,Anxiety,1,1
ASub13,1,Anxiety,1,1
ASub13,2,Anxiety,1,1
ASub13,3,Anxiety,1,1
ASub13,4,Anxiety,1,1
ASub13,5,Anxiety,1,1
ASub13,6,Anxiety,1,1
ASub13,7,Anxiety,1,1
ASub13,8,Anxiety,1,1
ASub13,9,Anxiety,1,1
ASub13,10,Anxiety,1,1
ASub13,11,Anxiety,1,1
ASub13,12,Anxiety,1,1
ASub13,13,Anxiety,1,1
ASub13,14,Anxiety,1,1
ASub13,15,Anxiety,1,1
ASub13,16,Anxiety,1,1
ASub13,17,Anxiety,1,1
ASub13,18,Anxiety,1,1
ASub13,19,Anxiety,1,1
ASub13,20,Anxiety,1,1
ASub13,21,Anxiety,1,1
ASub13,22,Anxiety,1,1
ASub13,23,Anxiety,1,1
ASub13,24,Anxiety,1,1
ASub13,25,Anxiety,1,1
ASub13,26,Anxiety,1,1
ASub13,27,Anxiety,1,1
ASub13,28,Anxiety,1,1
ASub13,29,Anxiety,1,1
ASub13,30,Anxiety,1,1
ASub13,31,Anxiety,1,1
ASub13,32,Anxiety,1,1
ASub13,33,Anxiety,1,1
ASub13,34,Anxiety,1,1
ASub13,35,Anxiety,1,1
ASub13,36,Anxiety,1,1
ASub13,37,Anxiety,1,1
ASub13,38,Anxiety,1,1
ASub13,39,Anxiety,1,1
ASub13,40,Anxiety,1,1
ASub13,41,Anxiety,1,1
ASub13,42,Anxiety,1,1
ASub13,43,Anxiety,1,1
ASub13,44,Anxiety,1,1
ASub13,45,Anxiety,1,1
ASub13,46,Anxiety,1,1
ASub13,47,Anxiety,1,1
ASub13,48,Anxiety,1,1
ASub13,49,Anxiety,1,1
ASub13,50,Anxiety,1,1
ASub13,51,Anxiety,1,1
ASub13,52,Anxiety,1,1
ASub13,53,Anxiety,1,1
ASub13,54,Anxiety,1,1
ASub13,55,Anxiety,1,1
ASub13,56,Anxiety,1,1
ASub13,57,Anxiety,1,1
ASub13,58,Anxiety,1,1
ASub13,59,Anxiety,1,1
ASub13,60,Anxiety,1,1
ASub13,61,Anxiety,1,1
ASub13,62,Anxiety,1,1
ASub13,63,Anxiety,1,1
ASub13,64,Anxiety,1,1
ASub13,65,Anxiety,1,1
ASub13,66,Anxiety,1,1
ASub13,67,Anxiety,1,1
ASub13,68,Anxiety,1,1
ASub13,69,Anxiety,1,1
ASub13,70,Anxiety,1,1
ASub13,71,Anxiety,1,1
ASub13,72,Anxiety,1,1
ASub13,73,Anxiety,1,1
ASub13,74,Anxiety,1,1
ASub13,75,Anxiety,1,1
ASub13,76,Anxiety,1,1
ASub13,77,Anxiety,1,1
ASub13,78,Anxiety,1,1
ASub13,79,Anxiety,1,1
ASub13,80,Anxiety,1,1
ASub13,81,Anxiety,1,1
ASub13,82,Anxiety,1,1
ASub13,83,Anxiety,1,1
ASub13,84,Anxiety,1,1
ASub13,85,Anxiety,1,1
ASub13,86,Anxiety,1,1
ASub13,87,Anxiety,1,1
ASub13,88,Anxiety,1,1
ASub13,89,Anxiety,1,1
ASub13,90,Anxiety,1,1
ASub13,91,Anxiety,1,1
ASub13,92,Anxiety,1,1
ASub13,93,Anxiety,1,1
ASub13,94,Anxiety,1,1
ASub13,95,Anxiety,1,1
ASub13,96,Anxiety,1,1
ASub13,97,Anxiety,1,1
ASub13,98,Anxiety,1,1
ASub13,99,Anxiety,1,1
ASub13,100,Anxiety,1,1
ASub13,101,Anxiety,1,1
ASub13,102,Anxiety,1,1
ASub13,103,Anxiety,1,1
ASub13,104,Anxiety,1,1
ASub13,105,Anxiety,1,1
ASub13,106,Anxiety,1,1
ASub13,107,Anxiety,1,1
ASub13,108,Anxiety,1,1
ASub13,109,Anxiety,1,1
ASub13,110,Anxiety,1,1
ASub13,111,Anxiety,1,1
ASub13,112,Anxiety,1,1
ASub13,113,Anxiety,1,1
ASub13,114,Anxiety,1,1
ASub13,115,Anxiety,1,1
ASub13,116,Anxiety,1,1
ASub13,117,Anxiety,1,1
ASub13,118,Anxiety,1,1
ASub13,119,Anxiety,1,1
ASub13,120,Anxiety,1,1
ASub13,121,Anxiety,1,1
ASub13,122,Anxiety,1,1
ASub13,123,Anxiety,1,1
ASub13,124,Anxiety,1,1
ASub13,125,Anxiety,1,1
ASub13,126,Anxiety,1,1
ASub13,127,Anxiety,1,1
ASub13,128,Anxiety,1,1
ASub13,129,Anxiety,1,1
ASub13,130,Anxiety,1,1
ASub13,131,Anxiety,1,1
ASub13,132,Anxiety,1,1
ASub13,133,Anxiety,1,1
ASub13,134,Anxiety,1,1
ASub13,135,Anxiety,1,1
ASub13,136,Anxiety,1,1
ASub13,137,Anxiety,1,1
ASub13,138,Anxiety,1,1
ASub13,139,Anxiety,1,1
ASub13,140,Anxiety,1,1
ASub13,141,Anxiety,1,1
ASub13,142,Anxiety,1,1
ASub13,143,Anxiety,1,1
ASub13,144,Anxiety,1,1
ASub13,145,Anxiety,1,1
ASub13,146,Anxiety,1,1
ASub13,147,Anxiety,1,1
ASub13,148,Anxiety,1,1
ASub14,0,Anxiety,1,1
ASub14,1,Anxiety,1,1
ASub14,2,Anxiety,1,1
ASub14,3,Anxiety,1,1
ASub14,4,Anxiety,1,1
ASub14,5,Anxiety,1,1
ASub14,6,Anxiety,1,1
ASub14,7,Anxiety,1,1
ASub14,8,Anxiety,1,1
ASub14,9,Anxiety,1,1
ASub14,10,Anxiety,1,1
ASub14,11,Anxiety,1,1
ASub14,12,Anxiety,1,1
ASub14,13,Anxiety,1,1
ASub14,14,Anxiety,1,1
ASub14,15,Anxiety,1,1
ASub14,16,Anxiety,1,1
ASub14,17,Anxiety,1,1
ASub14,18,Anxiety,1,1
ASub14,19,Anxiety,1,1
ASub14,20,Anxiety,1,1
ASub14,21,Anxiety,1,1
ASub14,22,Anxiety,1,1
ASub14,23,Anxiety,1,1
ASub14,24,Anxiety,1,1
ASub14,25,Anxiety,1,1
ASub14,26,Anxiety,1,1
ASub14,27,Anxiety,1,1
ASub14,28,Anxiety,1,1
ASub14,29,Anxiety,1,1
ASub14,30,Anxiety,1,1
ASub14,31,Anxiety,1,1
ASub14,32,Anxiety,1,1
ASub14,33,Anxiety,1,1
ASub14,34,Anxiety,1,1
ASub14,35,Anxiety,1,1
ASub14,36,Anxiety,1,1
ASub14,37,Anxiety,1,1
ASub14,38,Anxiety,1,1
ASub14,39,Anxiety,1,1
ASub14,40,Anxiety,1,1
ASub14,41,Anxiety,1,1
ASub14,42,Anxiety,1,1
ASub14,43,Anxiety,1,1
ASub14,44,Anxiety,1,1
ASub14,45,Anxiety,1,1
ASub14,46,Anxiety,1,1
ASub14,47,Anxiety,1,1
ASub14,48,Anxiety,1,1
ASub14,49,Anxiety,1,1
ASub14,50,Anxiety,1,1
ASub14,51,Anxiety,1,1
ASub14,52,Anxiety,1,1
ASub14,53,Anxiety,1,1
ASub14,54,Anxiety,1,1
ASub14,55,Anxiety,1,1
ASub14,56,Anxiety,1,1
ASub14,57,Anxiety,1,1
ASub14,58,Anxiety,1,1
ASub14,59,Anxiety,1,1
ASub14,60,Anxiety,1,1
ASub14,61,Anxiety,1,1
ASub14,62,Anxiety,1,1
ASub14,63,Anxiety,1,1
ASub14,64,Anxiety,1,1
ASub14,65,Anxiety,1,1
ASub14,66,Anxiety,1,1
ASub14,67,Anxiety,1,1
ASub14,68,Anxiety,1,1
ASub14,69,Anxiety,1,1
ASub14,70,Anxiety,1,1
ASub14,71,Anxiety,1,1
ASub14,72,Anxiety,1,1
ASub14,73,Anxiety,1,1
ASub14,74,Anxiety,1,1
ASub14,75,Anxiety,1,1
ASub14,76,Anxiety,1,1
ASub14,77,Anxiety,1,1
ASub14,78,Anxiety,1,1
ASub14,79,Anxiety,1,1
ASub14,80,Anxiety,1,1
ASub14,81,Anxiety,1,1
ASub14,82,Anxiety,1,1
ASub14,83,Anxiety,1,1
ASub14,84,Anxiety,1,1
ASub14,85,Anxiety,1,1
ASub14,86,Anxiety,1,1
ASub14,87,Anxiety,1,1
ASub14,88,Anxiety,1,1
ASub14,89,Anxiety,1,1
ASub14,90,Anxiety,1,1
ASub14,91,Anxiety,1,1
ASub14,92,Anxiety,1,1
ASub14,93,Anxiety,1,1
ASub14,94,Anxiety,1,1
ASub14,95,Anxiety,1,1
ASub14,96,Anxiety,1,1
ASub14,97,Anxiety,1,1
ASub14,98,Anxiety,1,1
ASub14,99,Anxiety,1,1
ASub14,100,Anxiety,1,1
ASub14,101,Anxiety,1,1
ASub14,102,Anxiety,1,1
ASub14,103,Anxiety,1,1
ASub14,104,Anxiety,1,1
ASub14,105,Anxiety,1,1
ASub14,106,Anxiety,1,1
ASub14,107,Anxiety,1,1
ASub14,108,Anxiety,1,1
ASub14,109,Anxiety,1,1
ASub14,110,Anxiety,1,1
ASub14,111,Anxiety,1,1
ASub14,112,Anxiety,1,1
ASub14,113,Anxiety,1,1
ASub14,114,Anxiety,1,1
ASub14,115,Anxiety,1,1
ASub14,116,Anxiety,1,1
ASub14,117,Anxiety,1,1
ASub14,118,Anxiety,1,1
ASub14,119,Anxiety,1,1
ASub14,120,Anxiety,1,1
ASub14,121,Anxiety,1,1
ASub14,122,Anxiety,1,1
ASub14,123,Anxiety,1,1
ASub14,124,Anxiety,1,1
ASub14,125,Anxiety,1,1
ASub14,126,Anxiety,1,1
ASub14,127,Anxiety,1,1
ASub14,128,Anxiety,1,1
ASub14,129,Anxiety,1,1
ASub14,130,Anxiety,1,1
ASub14,131,Anxiety,1,1
ASub14,132,Anxiety,1,1
ASub14,133,Anxiety,1,1
ASub14,134,Anxiety,1,1
ASub14,135,Anxiety,1,1
ASub14,136,Anxiety,1,1
ASub14,137,Anxiety,1,1
ASub14,138,Anxiety,1,1
ASub14,139,Anxiety,1,1
ASub14,140,Anxiety,1,1
ASub14,141,Anxiety,1,1
ASub14,142,Anxiety,1,1
ASub14,143,Anxiety,1,1
ASub14,144,Anxiety,1,1
ASub14,145,Anxiety,1,1
ASub14,146,Anxiety,1,1
ASub14,147,Anxiety,1,1
ASub14,148,Anxiety,1,1
ASub15,0,Anxiety,1,1
ASub15,1,Anxiety,1,1
ASub15,2,Anxiety,1,1
ASub15,3,Anxiety,1,1
ASub15,4,Anxiety,1,1
ASub15,5,Anxiety,1,1
ASub15,6,Anxiety,1,1
ASub15,7,Anxiety,1,1
ASub15,8,Anxiety,1,1
ASub15,9,Anxiety,1,1
ASub15,10,Anxiety,1,1
ASub15,11,Anxiety,1,1
ASub15,12,Anxiety,1,1
ASub15,13,Anxiety,1,1
ASub15,14,Anxiety,1,1
ASub15,15,Anxiety,1,1
ASub15,16,Anxiety,1,1
ASub15,17,Anxiety,1,1
ASub15,18,Anxiety,1,1
ASub15,19,Anxiety,1,1
ASub15,20,Anxiety,1,1
ASub15,21,Anxiety,1,1
ASub15,22,Anxiety,1,1
ASub15,23,Anxiety,1,1
ASub15,24,Anxiety,1,1
ASub15,25,Anxiety,1,1
ASub15,26,Anxiety,1,1
ASub15,27,Anxiety,1,1
ASub15,28,Anxiety,1,1
ASub15,29,Anxiety,1,1
ASub15,30,Anxiety,1,1
ASub15,31,Anxiety,1,1
ASub15,32,Anxiety,1,1
ASub15,33,Anxiety,1,1
ASub15,34,Anxiety,1,1
ASub15,35,Anxiety,1,1
ASub15,36,Anxiety,1,1
ASub15,37,Anxiety,1,1
ASub15,38,Anxiety,1,1
ASub15,39,Anxiety,1,1
ASub15,40,Anxiety,1,1
ASub15,41,Anxiety,1,1
ASub15,42,Anxiety,1,1
ASub15,43,Anxiety,1,1
ASub15,44,Anxiety,1,1
ASub15,45,Anxiety,1,1
ASub15,46,Anxiety,1,1
ASub15,47,Anxiety,1,1
ASub15,48,Anxiety,1,1
ASub15,49,Anxiety,1,1
ASub15,50,Anxiety,1,1
ASub15,51,Anxiety,1,1
ASub15,52,Anxiety,1,1
ASub15,53,Anxiety,1,1
ASub15,54,Anxiety,1,1
ASub15,55,Anxiety,1,1
ASub15,56,Anxiety,1,1
ASub15,57,Anxiety,1,1
ASub15,58,Anxiety,1,1
ASub15,59,Anxiety,1,1
ASub15,60,Anxiety,1,1
ASub15,61,Anxiety,1,1
ASub15,62,Anxiety,1,1
ASub15,63,Anxiety,1,1
ASub15,64,Anxiety,1,1
ASub15,65,Anxiety,1,1
ASub15,66,Anxiety,1,1
ASub15,67,Anxiety,1,1
ASub15,68,Anxiety,1,1
ASub15,69,Anxiety,1,1
ASub15,70,Anxiety,1,1
ASub15,71,Anxiety,1,1
ASub15,72,Anxiety,1,1
ASub15,73,Anxiety,1,1
ASub15,74,Anxiety,1,1
ASub15,75,Anxiety,1,1
ASub15,76,Anxiety,1,1
ASub15,77,Anxiety,1,1
ASub15,78,Anxiety,1,1
ASub15,79,Anxiety,1,1
ASub15,80,Anxiety,1,1
ASub15,81,Anxiety,1,1
ASub15,82,Anxiety,1,1
ASub15,83,Anxiety,1,1
ASub15,84,Anxiety,1,1
ASub15,85,Anxiety,1,1
ASub15,86,Anxiety,1,1
ASub15,87,Anxiety,1,1
ASub15,88,Anxiety,1,1
ASub15,89,Anxiety,1,1
ASub15,90,Anxiety,1,1
ASub15,91,Anxiety,1,1
ASub15,92,Anxiety,1,1
ASub15,93,Anxiety,1,1
ASub15,94,Anxiety,1,1
ASub15,95,Anxiety,1,1
ASub15,96,Anxiety,1,1
ASub15,97,Anxiety,1,1
ASub15,98,Anxiety,1,1
ASub15,99,Anxiety,1,1
ASub15,100,Anxiety,1,1
ASub15,101,Anxiety,1,1
ASub15,102,Anxiety,1,1
ASub15,103,Anxiety,1,1
ASub15,104,Anxiety,1,1
ASub15,105,Anxiety,1,1
ASub15,106,Anxiety,1,1
ASub15,107,Anxiety,1,1
ASub15,108,Anxiety,1,1
ASub15,109,Anxiety,1,1
ASub15,110,Anxiety,1,1
ASub15,111,Anxiety,1,1
ASub15,112,Anxiety,1,1
ASub15,113,Anxiety,1,1
ASub15,114,Anxiety,1,1
ASub15,115,Anxiety,1,1
ASub15,116,Anxiety,1,1
ASub15,117,Anxiety,1,1
ASub15,118,Anxiety,1,1
ASub15,119,Anxiety,1,1
ASub15,120,Anxiety,1,1
ASub15,121,Anxiety,1,1
ASub15,122,Anxiety,1,1
ASub15,123,Anxiety,1,1
ASub15,124,Anxiety,1,1
ASub15,125,Anxiety,1,1
ASub15,126,Anxiety,1,1
ASub15,127,Anxiety,1,1
ASub15,128,Anxiety,1,1
ASub15,129,Anxiety,1,1
ASub15,130,Anxiety,1,1
ASub15,131,Anxiety,1,1
ASub15,132,Anxiety,1,1
ASub15,133,Anxiety,1,1
ASub15,134,Anxiety,1,1
ASub15,135,Anxiety,1,1
ASub15,136,Anxiety,1,1
ASub15,137,Anxiety,1,1
ASub15,138,Anxiety,1,1
ASub15,139,Anxiety,1,1
ASub15,140,Anxiety,1,1
ASub15,141,Anxiety,1,1
ASub15,142,Anxiety,1,1
ASub15,143,Anxiety,1,1
ASub15,144,Anxiety,1,1
ASub15,145,Anxiety,1,1
ASub15,146,Anxiety,1,1
ASub15,147,Anxiety,1,1
ASub15,148,Anxiety,1,1
ASub16,0,Anxiety,1,1
ASub16,1,Anxiety,1,1
ASub16,2,Anxiety,1,1
ASub16,3,Anxiety,1,1
ASub16,4,Anxiety,1,1
ASub16,5,Anxiety,1,1
ASub16,6,Anxiety,1,1
ASub16,7,Anxiety,1,1
ASub16,8,Anxiety,1,1
ASub16,9,Anxiety,1,1
ASub16,10,Anxiety,1,1
ASub16,11,Anxiety,1,1
ASub16,12,Anxiety,1,1
ASub16,13,Anxiety,1,1
ASub16,14,Anxiety,1,1
ASub16,15,Anxiety,1,1
ASub16,16,Anxiety,1,1
ASub16,17,Anxiety,1,1
ASub16,18,Anxiety,1,1
ASub16,19,Anxiety,1,1
ASub16,20,Anxiety,1,1
ASub16,21,Anxiety,1,1
ASub16,22,Anxiety,1,1
ASub16,23,Anxiety,1,1
ASub16,24,Anxiety,1,1
ASub16,25,Anxiety,1,1
ASub16,26,Anxiety,1,1
ASub16,27,Anxiety,1,1
ASub16,28,Anxiety,1,1
ASub16,29,Anxiety,1,1
ASub16,30,Anxiety,1,1
ASub16,31,Anxiety,1,1
ASub16,32,Anxiety,1,1
ASub16,33,Anxiety,1,1
ASub16,34,Anxiety,1,1
ASub16,35,Anxiety,1,1
ASub16,36,Anxiety,1,1
ASub16,37,Anxiety,1,1
ASub16,38,Anxiety,1,1
ASub16,39,Anxiety,1,1
ASub16,40,Anxiety,1,1
ASub16,41,Anxiety,1,1
ASub16,42,Anxiety,1,1
ASub16,43,Anxiety,1,1
ASub16,44,Anxiety,1,1
ASub16,45,Anxiety,1,1
ASub16,46,Anxiety,1,1
ASub16,47,Anxiety,1,1
ASub16,48,Anxiety,1,1
ASub16,49,Anxiety,1,1
ASub16,50,Anxiety,1,1
ASub16,51,Anxiety,1,1
ASub16,52,Anxiety,1,1
ASub16,53,Anxiety,1,1
ASub16,54,Anxiety,1,1
ASub16,55,Anxiety,1,1
ASub16,56,Anxiety,1,1
ASub16,57,Anxiety,1,1
ASub16,58,Anxiety,1,1
ASub16,59,Anxiety,1,1
ASub16,60,Anxiety,1,1
ASub16,61,Anxiety,1,1
ASub16,62,Anxiety,1,1
ASub16,63,Anxiety,1,1
ASub16,64,Anxiety,1,1
ASub16,65,Anxiety,1,1
ASub16,66,Anxiety,1,1
ASub16,67,Anxiety,1,1
ASub16,68,Anxiety,1,1
ASub16,69,Anxiety,1,1
ASub16,70,Anxiety,1,1
ASub16,71,Anxiety,1,1
ASub16,72,Anxiety,1,1
ASub16,73,Anxiety,1,1
ASub16,74,Anxiety,1,1
ASub16,75,Anxiety,1,1
ASub16,76,Anxiety,1,1
ASub16,77,Anxiety,1,1
ASub16,78,Anxiety,1,1
ASub16,79,Anxiety,1,1
ASub16,80,Anxiety,1,1
ASub16,81,Anxiety,1,1
ASub16,82,Anxiety,1,1
ASub16,83,Anxiety,1,1
ASub16,84,Anxiety,1,1
ASub16,85,Anxiety,1,1
ASub16,86,Anxiety,1,1
ASub16,87,Anxiety,1,1
ASub16,88,Anxiety,1,1
ASub16,89,Anxiety,1,1
ASub16,90,Anxiety,1,1
ASub16,91,Anxiety,1,1
ASub16,92,Anxiety,1,1
ASub16,93,Anxiety,1,1
ASub16,94,Anxiety,1,1
ASub16,95,Anxiety,1,1
ASub16,96,Anxiety,1,1
ASub16,97,Anxiety,1,1
ASub16,98,Anxiety,1,1
ASub16,99,Anxiety,1,1
ASub16,100,Anxiety,1,1
ASub16,101,Anxiety,1,1
ASub16,102,Anxiety,1,1
ASub16,103,Anxiety,1,1
ASub16,104,Anxiety,1,1
ASub16,105,Anxiety,1,1
ASub16,106,Anxiety,1,1
ASub16,107,Anxiety,1,1
ASub16,108,Anxiety,1,1
ASub16,109,Anxiety,1,1
ASub16,110,Anxiety,1,1
ASub16,111,Anxiety,1,1
ASub16,112,Anxiety,1,1
ASub16,113,Anxiety,1,1
ASub16,114,Anxiety,1,1
ASub16,115,Anxiety,1,1
ASub16,116,Anxiety,1,1
ASub16,117,Anxiety,1,1
ASub16,118,Anxiety,1,1
ASub16,119,Anxiety,1,1
ASub16,120,Anxiety,1,1
ASub16,121,Anxiety,1,1
ASub16,122,Anxiety,1,1
ASub16,123,Anxiety,1,1
ASub16,124,Anxiety,1,1
ASub16,125,Anxiety,1,1
ASub16,126,Anxiety,1,1
ASub16,127,Anxiety,1,1
ASub16,128,Anxiety,1,1
ASub16,129,Anxiety,1,1
ASub16,130,Anxiety,1,1
ASub16,131,Anxiety,1,1
ASub16,132,Anxiety,1,1
ASub16,133,Anxiety,1,1
ASub16,134,Anxiety,1,1
ASub16,135,Anxiety,1,1
ASub16,136,Anxiety,1,1
ASub16,137,Anxiety,1,1
ASub16,138,Anxiety,1,1
ASub16,139,Anxiety,1,1
ASub16,140,Anxiety,1,1
ASub16,141,Anxiety,1,1
ASub16,142,Anxiety,1,1
ASub16,143,Anxiety,1,1
ASub16,144,Anxiety,1,1
ASub16,145,Anxiety,1,1
ASub16,146,Anxiety,1,1
ASub16,147,Anxiety,1,1
ASub16,148,Anxiety,1,1
ASub17,0,Anxiety,1,1
ASub17,1,Anxiety,1,1
ASub17,2,Anxiety,1,1
ASub17,3,Anxiety,1,1
ASub17,4,Anxiety,1,1
ASub17,5,Anxiety,1,1
ASub17,6,Anxiety,1,1
ASub17,7,Anxiety,1,1
ASub17,8,Anxiety,1,1
ASub17,9,Anxiety,1,1
ASub17,10,Anxiety,1,1
ASub17,11,Anxiety,1,1
ASub17,12,Anxiety,1,1
ASub17,13,Anxiety,1,1
ASub17,14,Anxiety,1,1
ASub17,15,Anxiety,1,1
ASub17,16,Anxiety,1,1
ASub17,17,Anxiety,1,1
ASub17,18,Anxiety,1,1
ASub17,19,Anxiety,1,1
ASub17,20,Anxiety,1,1
ASub17,21,Anxiety,1,1
ASub17,22,Anxiety,1,1
ASub17,23,Anxiety,1,1
ASub17,24,Anxiety,1,1
ASub17,25,Anxiety,1,1
ASub17,26,Anxiety,1,1
ASub17,27,Anxiety,1,1
ASub17,28,Anxiety,1,1
ASub17,29,Anxiety,1,1
ASub17,30,Anxiety,1,1
ASub17,31,Anxiety,1,1
ASub17,32,Anxiety,1,1
ASub17,33,Anxiety,1,1
ASub17,34,Anxiety,1,1
ASub17,35,Anxiety,1,1
ASub17,36,Anxiety,1,1
ASub17,37,Anxiety,1,1
ASub17,38,Anxiety,1,1
ASub17,39,Anxiety,1,1
ASub17,40,Anxiety,1,1
ASub17,41,Anxiety,1,1
ASub17,42,Anxiety,1,1
ASub17,43,Anxiety,1,1
ASub17,44,Anxiety,1,1
ASub17,45,Anxiety,1,1
ASub17,46,Anxiety,1,1
ASub17,47,Anxiety,1,1
ASub17,48,Anxiety,1,1
ASub17,49,Anxiety,1,1
ASub17,50,Anxiety,1,1
ASub17,51,Anxiety,1,1
ASub17,52,Anxiety,1,1
ASub17,53,Anxiety,1,1
ASub17,54,Anxiety,1,1
ASub17,55,Anxiety,1,1
ASub17,56,Anxiety,1,1
ASub17,57,Anxiety,1,1
ASub17,58,Anxiety,1,1
ASub17,59,Anxiety,1,1
ASub17,60,Anxiety,1,1
ASub17,61,Anxiety,1,1
ASub17,62,Anxiety,1,1
ASub17,63,Anxiety,1,1
ASub17,64,Anxiety,1,1
ASub17,65,Anxiety,1,1
ASub17,66,Anxiety,1,1
ASub17,67,Anxiety,1,1
ASub17,68,Anxiety,1,1
ASub17,69,Anxiety,1,1
ASub17,70,Anxiety,1,1
ASub17,71,Anxiety,1,1
ASub17,72,Anxiety,1,1
ASub17,73,Anxiety,1,1
ASub17,74,Anxiety,1,1
ASub17,75,Anxiety,1,1
ASub17,76,Anxiety,1,1
ASub17,77,Anxiety,1,1
ASub17,78,Anxiety,1,1
ASub17,79,Anxiety,1,1
ASub17,80,Anxiety,1,1
ASub17,81,Anxiety,1,1
ASub17,82,Anxiety,1,1
ASub17,83,Anxiety,1,1
ASub17,84,Anxiety,1,1
ASub17,85,Anxiety,1,1
ASub17,86,Anxiety,1,1
ASub17,87,Anxiety,1,1
ASub17,88,Anxiety,1,1
ASub17,89,Anxiety,1,1
ASub17,90,Anxiety,1,1
ASub17,91,Anxiety,1,1
ASub17,92,Anxiety,1,1
ASub17,93,Anxiety,1,1
ASub17,94,Anxiety,1,1
ASub17,95,Anxiety,1,1
ASub17,96,Anxiety,1,1
ASub17,97,Anxiety,1,1
ASub17,98,Anxiety,1,1
ASub17,99,Anxiety,1,1
ASub17,100,Anxiety,1,1
ASub17,101,Anxiety,1,1
ASub17,102,Anxiety,1,1
ASub17,103,Anxiety,1,1
ASub17,104,Anxiety,1,1
ASub17,105,Anxiety,1,1
ASub17,106,Anxiety,1,1
ASub17,107,Anxiety,1,1
ASub17,108,Anxiety,1,1
ASub17,109,Anxiety,1,1
ASub17,110,Anxiety,1,1
ASub17,111,Anxiety,1,1
ASub17,112,Anxiety,1,1
ASub17,113,Anxiety,1,1
ASub17,114,Anxiety,1,1
ASub17,115,Anxiety,1,1
ASub17,116,Anxiety,1,1
ASub17,117,Anxiety,1,1
ASub17,118,Anxiety,1,1
ASub17,119,Anxiety,1,1
ASub17,120,Anxiety,1,1
ASub17,121,Anxiety,1,1
ASub17,122,Anxiety,1,1
ASub17,123,Anxiety,1,1
ASub17,124,Anxiety,1,1
ASub17,125,Anxiety,1,1
ASub17,126,Anxiety,1,1
ASub17,127,Anxiety,1,1
ASub17,128,Anxiety,1,1
ASub17,129,Anxiety,1,1
ASub17,130,Anxiety,1,1
ASub17,131,Anxiety,1,1
ASub17,132,Anxiety,1,1
ASub17,133,Anxiety,1,1
ASub17,134,Anxiety,1,1
ASub17,135,Anxiety,1,1
ASub17,136,Anxiety,1,1
ASub17,137,Anxiety,1,1
ASub17,138,Anxiety,1,1
ASub17,139,Anxiety,1,1
ASub17,140,Anxiety,1,1
ASub17,141,Anxiety,1,1
ASub17,142,Anxiety,1,1
ASub17,143,Anxiety,1,1
ASub17,144,Anxiety,1,1
ASub17,145,Anxiety,1,1
ASub17,146,Anxiety,1,1
ASub17,147,Anxiety,1,1
ASub17,148,Anxiety,1,1
ASub18,0,Anxiety,1,1
ASub18,1,Anxiety,1,1
ASub18,2,Anxiety,1,1
ASub18,3,Anxiety,1,1
ASub18,4,Anxiety,1,1
ASub18,5,Anxiety,1,1
ASub18,6,Anxiety,1,1
ASub18,7,Anxiety,1,1
ASub18,8,Anxiety,1,1
ASub18,9,Anxiety,1,1
ASub18,10,Anxiety,1,1
ASub18,11,Anxiety,1,1
ASub18,12,Anxiety,1,1
ASub18,13,Anxiety,1,1
ASub18,14,Anxiety,1,1
ASub18,15,Anxiety,1,1
ASub18,16,Anxiety,1,1
ASub18,17,Anxiety,1,1
ASub18,18,Anxiety,1,1
ASub18,19,Anxiety,1,1
ASub18,20,Anxiety,1,1
ASub18,21,Anxiety,1,1
ASub18,22,Anxiety,1,1
ASub18,23,Anxiety,1,1
ASub18,24,Anxiety,1,1
ASub18,25,Anxiety,1,1
ASub18,26,Anxiety,1,1
ASub18,27,Anxiety,1,1
ASub18,28,Anxiety,1,1
ASub18,29,Anxiety,1,1
ASub18,30,Anxiety,1,1
ASub18,31,Anxiety,1,1
ASub18,32,Anxiety,1,1
ASub18,33,Anxiety,1,1
ASub18,34,Anxiety,1,1
ASub18,35,Anxiety,1,1
ASub18,36,Anxiety,1,1
ASub18,37,Anxiety,1,1
ASub18,38,Anxiety,1,1
ASub18,39,Anxiety,1,1
ASub18,40,Anxiety,1,1
ASub18,41,Anxiety,1,1
ASub18,42,Anxiety,1,1
ASub18,43,Anxiety,1,1
ASub18,44,Anxiety,1,1
ASub18,45,Anxiety,1,1
ASub18,46,Anxiety,1,1
ASub18,47,Anxiety,1,1
ASub18,48,Anxiety,1,1
ASub18,49,Anxiety,1,1
ASub18,50,Anxiety,1,1
ASub18,51,Anxiety,1,1
ASub18,52,Anxiety,1,1
ASub18,53,Anxiety,1,1
ASub18,54,Anxiety,1,1
ASub18,55,Anxiety,1,1
ASub18,56,Anxiety,1,1
ASub18,57,Anxiety,1,1
ASub18,58,Anxiety,1,1
ASub18,59,Anxiety,1,1
ASub18,60,Anxiety,1,1
ASub18,61,Anxiety,1,1
ASub18,62,Anxiety,1,1
ASub18,63,Anxiety,1,1
ASub18,64,Anxiety,1,1
ASub18,65,Anxiety,1,1
ASub18,66,Anxiety,1,1
ASub18,67,Anxiety,1,1
ASub18,68,Anxiety,1,1
ASub18,69,Anxiety,1,1
ASub18,70,Anxiety,1,1
ASub18,71,Anxiety,1,1
ASub18,72,Anxiety,1,1
ASub18,73,Anxiety,1,1
ASub18,74,Anxiety,1,1
ASub18,75,Anxiety,1,1
ASub18,76,Anxiety,1,1
ASub18,77,Anxiety,1,1
ASub18,78,Anxiety,1,1
ASub18,79,Anxiety,1,1
ASub18,80,Anxiety,1,1
ASub18,81,Anxiety,1,1
ASub18,82,Anxiety,1,1
ASub18,83,Anxiety,1,1
ASub18,84,Anxiety,1,1
ASub18,85,Anxiety,1,1
ASub18,86,Anxiety,1,1
ASub18,87,Anxiety,1,1
ASub18,88,Anxiety,1,1
ASub18,89,Anxiety,1,1
ASub18,90,Anxiety,1,1
ASub18,91,Anxiety,1,1
ASub18,92,Anxiety,1,1
ASub18,93,Anxiety,1,1
ASub18,94,Anxiety,1,1
ASub18,95,Anxiety,1,1
ASub18,96,Anxiety,1,1
ASub18,97,Anxiety,1,1
ASub18,98,Anxiety,1,1
ASub18,99,Anxiety,1,1
ASub18,100,Anxiety,1,1
ASub18,101,Anxiety,1,1
ASub18,102,Anxiety,1,1
ASub18,103,Anxiety,1,1
ASub18,104,Anxiety,1,1
ASub18,105,Anxiety,1,1
ASub18,106,Anxiety,1,1
ASub18,107,Anxiety,1,1
ASub18,108,Anxiety,1,1
ASub18,109,Anxiety,1,1
ASub18,110,Anxiety,1,1
ASub18,111,Anxiety,1,1
ASub18,112,Anxiety,1,1
ASub18,113,Anxiety,1,1
ASub18,114,Anxiety,1,1
ASub18,115,Anxiety,1,1
ASub18,116,Anxiety,1,1
ASub18,117,Anxiety,1,1
ASub18,118,Anxiety,1,1
ASub18,119,Anxiety,1,1
ASub18,120,Anxiety,1,1
ASub18,121,Anxiety,1,1
ASub18,122,Anxiety,1,1
ASub18,123,Anxiety,1,1
ASub18,124,Anxiety,1,1
ASub18,125,Anxiety,1,1
ASub18,126,Anxiety,1,1
ASub18,127,Anxiety,1,1
ASub18,128,Anxiety,1,1
ASub18,129,Anxiety,1,1
ASub18,130,Anxiety,1,1
ASub18,131,Anxiety,1,1
ASub18,132,Anxiety,1,1
ASub18,133,Anxiety,1,1
ASub18,134,Anxiety,1,1
ASub18,135,Anxiety,1,1
ASub18,136,Anxiety,1,1
ASub18,137,Anxiety,1,1
ASub18,138,Anxiety,1,1
ASub18,139,Anxiety,1,1
ASub18,140,Anxiety,1,1
ASub18,141,Anxiety,1,1
ASub18,142,Anxiety,1,1
ASub18,143,Anxiety,1,1
ASub18,144,Anxiety,1,1
ASub18,145,Anxiety,1,1
ASub18,146,Anxiety,1,1
ASub18,147,Anxiety,1,1
ASub18,148,Anxiety,1,1
ASub19,0,Anxiety,1,0
ASub19,1,Anxiety,1,0
ASub19,2,Anxiety,1,0
ASub19,3,Anxiety,1,0
ASub19,4,Anxiety,1,0
ASub19,5,Anxiety,1,0
ASub19,6,Anxiety,1,0
ASub19,7,Anxiety,1,0
ASub19,8,Anxiety,1,0
ASub19,9,Anxiety,1,0
ASub19,10,Anxiety,1,0
ASub19,11,Anxiety,1,0
ASub19,12,Anxiety,1,0
ASub19,13,Anxiety,1,0
ASub19,14,Anxiety,1,0
ASub19,15,Anxiety,1,0
ASub19,16,Anxiety,1,0
ASub19,17,Anxiety,1,0
ASub19,18,Anxiety,1,0
ASub19,19,Anxiety,1,0
ASub19,20,Anxiety,1,0
ASub19,21,Anxiety,1,0
ASub19,22,Anxiety,1,0
ASub19,23,Anxiety,1,0
ASub19,24,Anxiety,1,0
ASub19,25,Anxiety,1,0
ASub19,26,Anxiety,1,0
ASub19,27,Anxiety,1,0
ASub19,28,Anxiety,1,0
ASub19,29,Anxiety,1,0
ASub19,30,Anxiety,1,0
ASub19,31,Anxiety,1,0
ASub19,32,Anxiety,1,0
ASub19,33,Anxiety,1,0
ASub19,34,Anxiety,1,0
ASub19,35,Anxiety,1,0
ASub19,36,Anxiety,1,0
ASub19,37,Anxiety,1,0
ASub19,38,Anxiety,1,0
ASub19,39,Anxiety,1,0
ASub19,40,Anxiety,1,0
ASub19,41,Anxiety,1,0
ASub19,42,Anxiety,1,0
ASub19,43,Anxiety,1,0
ASub19,44,Anxiety,1,0
ASub19,45,Anxiety,1,0
ASub19,46,Anxiety,1,0
ASub19,47,Anxiety,1,0
ASub19,48,Anxiety,1,0
ASub19,49,Anxiety,1,0
ASub19,50,Anxiety,1,0
ASub19,51,Anxiety,1,0
ASub19,52,Anxiety,1,0
ASub19,53,Anxiety,1,0
ASub19,54,Anxiety,1,0
ASub19,55,Anxiety,1,0
ASub19,56,Anxiety,1,0
ASub19,57,Anxiety,1,0
ASub19,58,Anxiety,1,0
ASub19,59,Anxiety,1,0
ASub19,60,Anxiety,1,0
ASub19,61,Anxiety,1,0
ASub19,62,Anxiety,1,0
ASub19,63,Anxiety,1,0
ASub19,64,Anxiety,1,0
ASub19,65,Anxiety,1,0
ASub19,66,Anxiety,1,0
ASub19,67,Anxiety,1,0
ASub19,68,Anxiety,1,0
ASub19,69,Anxiety,1,0
ASub19,70,Anxiety,1,0
ASub19,71,Anxiety,1,0
ASub19,72,Anxiety,1,0
ASub19,73,Anxiety,1,0
ASub19,74,Anxiety,1,0
ASub19,75,Anxiety,1,0
ASub19,76,Anxiety,1,0
ASub19,77,Anxiety,1,0
ASub19,78,Anxiety,1,0
ASub19,79,Anxiety,1,0
ASub19,80,Anxiety,1,0
ASub19,81,Anxiety,1,0
ASub19,82,Anxiety,1,0
ASub19,83,Anxiety,1,0
ASub19,84,Anxiety,1,0
ASub19,85,Anxiety,1,0
ASub19,86,Anxiety,1,0
ASub19,87,Anxiety,1,0
ASub19,88,Anxiety,1,0
ASub19,89,Anxiety,1,0
ASub19,90,Anxiety,1,0
ASub19,91,Anxiety,1,0
ASub19,92,Anxiety,1,0
ASub19,93,Anxiety,1,0
ASub19,94,Anxiety,1,0
ASub19,95,Anxiety,1,0
ASub19,96,Anxiety,1,0
ASub19,97,Anxiety,1,0
ASub19,98,Anxiety,1,0
ASub19,99,Anxiety,1,0
ASub19,100,Anxiety,1,0
ASub19,101,Anxiety,1,0
ASub19,102,Anxiety,1,0
ASub19,103,Anxiety,1,0
ASub19,104,Anxiety,1,0
ASub19,105,Anxiety,1,0
ASub19,106,Anxiety,1,0
ASub19,107,Anxiety,1,0
ASub19,108,Anxiety,1,0
ASub19,109,Anxiety,1,0
ASub19,110,Anxiety,1,0
ASub19,111,Anxiety,1,0
ASub19,112,Anxiety,1,0
ASub19,113,Anxiety,1,0
ASub19,114,Anxiety,1,0
ASub19,115,Anxiety,1,0
ASub19,116,Anxiety,1,0
ASub19,117,Anxiety,1,0
ASub19,118,Anxiety,1,0
ASub19,119,Anxiety,1,0
ASub19,120,Anxiety,1,0
ASub19,121,Anxiety,1,0
ASub19,122,Anxiety,1,0
ASub19,123,Anxiety,1,0
ASub19,124,Anxiety,1,0
ASub19,125,Anxiety,1,0
ASub19,126,Anxiety,1,0
ASub19,127,Anxiety,1,0
ASub19,128,Anxiety,1,0
ASub19,129,Anxiety,1,0
ASub19,130,Anxiety,1,0
ASub19,131,Anxiety,1,0
ASub19,132,Anxiety,1,0
ASub19,133,Anxiety,1,0
ASub19,134,Anxiety,1,0
ASub19,135,Anxiety,1,0
ASub19,136,Anxiety,1,0
ASub19,137,Anxiety,1,0
ASub19,138,Anxiety,1,0
ASub19,139,Anxiety,1,0
ASub19,140,Anxiety,1,0
ASub19,141,Anxiety,1,0
ASub19,142,Anxiety,1,0
ASub19,143,Anxiety,1,0
ASub19,144,Anxiety,1,0
ASub19,145,Anxiety,1,0
ASub19,146,Anxiety,1,0
ASub19,147,Anxiety,1,0
ASub19,148,Anxiety,1,0
ASub2,0,Anxiety,1,1
ASub2,1,Anxiety,1,1
ASub2,2,Anxiety,1,1
ASub2,3,Anxiety,1,1
ASub2,4,Anxiety,1,1
ASub2,5,Anxiety,1,1
ASub2,6,Anxiety,1,1
ASub2,7,Anxiety,1,1
ASub2,8,Anxiety,1,1
ASub2,9,Anxiety,1,1
ASub2,10,Anxiety,1,1
ASub2,11,Anxiety,1,1
ASub2,12,Anxiety,1,1
ASub2,13,Anxiety,1,1
ASub2,14,Anxiety,1,1
ASub2,15,Anxiety,1,1
ASub2,16,Anxiety,1,1
ASub2,17,Anxiety,1,1
ASub2,18,Anxiety,1,1
ASub2,19,Anxiety,1,1
ASub2,20,Anxiety,1,1
ASub2,21,Anxiety,1,1
ASub2,22,Anxiety,1,1
ASub2,23,Anxiety,1,1
ASub2,24,Anxiety,1,1
ASub2,25,Anxiety,1,1
ASub2,26,Anxiety,1,1
ASub2,27,Anxiety,1,1
ASub2,28,Anxiety,1,1
ASub2,29,Anxiety,1,1
ASub2,30,Anxiety,1,1
ASub2,31,Anxiety,1,1
ASub2,32,Anxiety,1,1
ASub2,33,Anxiety,1,1
ASub2,34,Anxiety,1,1
ASub2,35,Anxiety,1,1
ASub2,36,Anxiety,1,1
ASub2,37,Anxiety,1,1
ASub2,38,Anxiety,1,1
ASub2,39,Anxiety,1,1
ASub2,40,Anxiety,1,1
ASub2,41,Anxiety,1,1
ASub2,42,Anxiety,1,1
ASub2,43,Anxiety,1,1
ASub2,44,Anxiety,1,1
ASub2,45,Anxiety,1,1
ASub2,46,Anxiety,1,1
ASub2,47,Anxiety,1,1
ASub2,48,Anxiety,1,1
ASub2,49,Anxiety,1,1
ASub2,50,Anxiety,1,1
ASub2,51,Anxiety,1,1
ASub2,52,Anxiety,1,1
ASub2,53,Anxiety,1,1
ASub2,54,Anxiety,1,1
ASub2,55,Anxiety,1,1
ASub2,56,Anxiety,1,1
ASub2,57,Anxiety,1,1
ASub2,58,Anxiety,1,1
ASub2,59,Anxiety,1,1
ASub2,60,Anxiety,1,1
ASub2,61,Anxiety,1,1
ASub2,62,Anxiety,1,1
ASub2,63,Anxiety,1,1
ASub2,64,Anxiety,1,1
ASub2,65,Anxiety,1,1
ASub2,66,Anxiety,1,1
ASub2,67,Anxiety,1,1
ASub2,68,Anxiety,1,1
ASub2,69,Anxiety,1,1
ASub2,70,Anxiety,1,1
ASub2,71,Anxiety,1,1
ASub2,72,Anxiety,1,1
ASub2,73,Anxiety,1,1
ASub2,74,Anxiety,1,1
ASub2,75,Anxiety,1,1
ASub2,76,Anxiety,1,1
ASub2,77,Anxiety,1,1
ASub2,78,Anxiety,1,1
ASub2,79,Anxiety,1,1
ASub2,80,Anxiety,1,1
ASub2,81,Anxiety,1,1
ASub2,82,Anxiety,1,1
ASub2,83,Anxiety,1,1
ASub2,84,Anxiety,1,1
ASub2,85,Anxiety,1,1
ASub2,86,Anxiety,1,1
ASub2,87,Anxiety,1,1
ASub2,88,Anxiety,1,1
ASub2,89,Anxiety,1,1
ASub2,90,Anxiety,1,1
ASub2,91,Anxiety,1,1
ASub2,92,Anxiety,1,1
ASub2,93,Anxiety,1,1
ASub2,94,Anxiety,1,1
ASub2,95,Anxiety,1,1
ASub2,96,Anxiety,1,1
ASub2,97,Anxiety,1,1
ASub2,98,Anxiety,1,1
ASub2,99,Anxiety,1,1
ASub2,100,Anxiety,1,1
ASub2,101,Anxiety,1,1
ASub2,102,Anxiety,1,1
ASub2,103,Anxiety,1,1
ASub2,104,Anxiety,1,1
ASub2,105,Anxiety,1,1
ASub2,106,Anxiety,1,1
ASub2,107,Anxiety,1,1
ASub2,108,Anxiety,1,1
ASub2,109,Anxiety,1,1
ASub2,110,Anxiety,1,1
ASub2,111,Anxiety,1,1
ASub2,112,Anxiety,1,1
ASub2,113,Anxiety,1,1
ASub2,114,Anxiety,1,1
ASub2,115,Anxiety,1,1
ASub2,116,Anxiety,1,1
ASub2,117,Anxiety,1,1
ASub2,118,Anxiety,1,1
ASub2,119,Anxiety,1,1
ASub2,120,Anxiety,1,1
ASub2,121,Anxiety,1,1
ASub2,122,Anxiety,1,1
ASub2,123,Anxiety,1,1
ASub2,124,Anxiety,1,1
ASub2,125,Anxiety,1,1
ASub2,126,Anxiety,1,1
ASub2,127,Anxiety,1,1
ASub2,128,Anxiety,1,1
ASub2,129,Anxiety,1,1
ASub2,130,Anxiety,1,1
ASub2,131,Anxiety,1,1
ASub2,132,Anxiety,1,1
ASub2,133,Anxiety,1,1
ASub2,134,Anxiety,1,1
ASub2,135,Anxiety,1,1
ASub2,136,Anxiety,1,1
ASub2,137,Anxiety,1,1
ASub2,138,Anxiety,1,1
ASub2,139,Anxiety,1,1
ASub2,140,Anxiety,1,1
ASub2,141,Anxiety,1,1
ASub2,142,Anxiety,1,1
ASub2,143,Anxiety,1,1
ASub2,144,Anxiety,1,1
ASub2,145,Anxiety,1,1
ASub2,146,Anxiety,1,1
ASub2,147,Anxiety,1,1
ASub2,148,Anxiety,1,1
ASub20,0,Anxiety,1,1
ASub20,1,Anxiety,1,1
ASub20,2,Anxiety,1,1
ASub20,3,Anxiety,1,1
ASub20,4,Anxiety,1,1
ASub20,5,Anxiety,1,1
ASub20,6,Anxiety,1,1
ASub20,7,Anxiety,1,1
ASub20,8,Anxiety,1,1
ASub20,9,Anxiety,1,1
ASub20,10,Anxiety,1,1
ASub20,11,Anxiety,1,1
ASub20,12,Anxiety,1,1
ASub20,13,Anxiety,1,1
ASub20,14,Anxiety,1,1
ASub20,15,Anxiety,1,1
ASub20,16,Anxiety,1,1
ASub20,17,Anxiety,1,1
ASub20,18,Anxiety,1,1
ASub20,19,Anxiety,1,1
ASub20,20,Anxiety,1,1
ASub20,21,Anxiety,1,1
ASub20,22,Anxiety,1,1
ASub20,23,Anxiety,1,1
ASub20,24,Anxiety,1,1
ASub20,25,Anxiety,1,1
ASub20,26,Anxiety,1,1
ASub20,27,Anxiety,1,1
ASub20,28,Anxiety,1,1
ASub20,29,Anxiety,1,1
ASub20,30,Anxiety,1,1
ASub20,31,Anxiety,1,1
ASub20,32,Anxiety,1,1
ASub20,33,Anxiety,1,1
ASub20,34,Anxiety,1,1
ASub20,35,Anxiety,1,1
ASub20,36,Anxiety,1,1
ASub20,37,Anxiety,1,1
ASub20,38,Anxiety,1,1
ASub20,39,Anxiety,1,1
ASub20,40,Anxiety,1,1
ASub20,41,Anxiety,1,1
ASub20,42,Anxiety,1,1
ASub20,43,Anxiety,1,1
ASub20,44,Anxiety,1,1
ASub20,45,Anxiety,1,1
ASub20,46,Anxiety,1,1
ASub20,47,Anxiety,1,1
ASub20,48,Anxiety,1,1
ASub20,49,Anxiety,1,1
ASub20,50,Anxiety,1,1
ASub20,51,Anxiety,1,1
ASub20,52,Anxiety,1,1
ASub20,53,Anxiety,1,1
ASub20,54,Anxiety,1,1
ASub20,55,Anxiety,1,1
ASub20,56,Anxiety,1,1
ASub20,57,Anxiety,1,1
ASub20,58,Anxiety,1,1
ASub20,59,Anxiety,1,1
ASub20,60,Anxiety,1,1
ASub20,61,Anxiety,1,1
ASub20,62,Anxiety,1,1
ASub20,63,Anxiety,1,1
ASub20,64,Anxiety,1,1
ASub20,65,Anxiety,1,1
ASub20,66,Anxiety,1,1
ASub20,67,Anxiety,1,1
ASub20,68,Anxiety,1,1
ASub20,69,Anxiety,1,1
ASub20,70,Anxiety,1,1
ASub20,71,Anxiety,1,1
ASub20,72,Anxiety,1,1
ASub20,73,Anxiety,1,1
ASub20,74,Anxiety,1,1
ASub20,75,Anxiety,1,1
ASub20,76,Anxiety,1,1
ASub20,77,Anxiety,1,1
ASub20,78,Anxiety,1,1
ASub20,79,Anxiety,1,1
ASub20,80,Anxiety,1,1
ASub20,81,Anxiety,1,1
ASub20,82,Anxiety,1,1
ASub20,83,Anxiety,1,1
ASub20,84,Anxiety,1,1
ASub20,85,Anxiety,1,1
ASub20,86,Anxiety,1,1
ASub20,87,Anxiety,1,1
ASub20,88,Anxiety,1,1
ASub20,89,Anxiety,1,1
ASub20,90,Anxiety,1,1
ASub20,91,Anxiety,1,1
ASub20,92,Anxiety,1,1
ASub20,93,Anxiety,1,1
ASub20,94,Anxiety,1,1
ASub20,95,Anxiety,1,1
ASub20,96,Anxiety,1,1
ASub20,97,Anxiety,1,1
ASub20,98,Anxiety,1,1
ASub20,99,Anxiety,1,1
ASub20,100,Anxiety,1,1
ASub20,101,Anxiety,1,1
ASub20,102,Anxiety,1,1
ASub20,103,Anxiety,1,1
ASub20,104,Anxiety,1,1
ASub20,105,Anxiety,1,1
ASub20,106,Anxiety,1,1
ASub20,107,Anxiety,1,1
ASub20,108,Anxiety,1,1
ASub20,109,Anxiety,1,1
ASub20,110,Anxiety,1,1
ASub20,111,Anxiety,1,1
ASub20,112,Anxiety,1,1
ASub20,113,Anxiety,1,1
ASub20,114,Anxiety,1,1
ASub20,115,Anxiety,1,1
ASub20,116,Anxiety,1,1
ASub20,117,Anxiety,1,1
ASub20,118,Anxiety,1,1
ASub20,119,Anxiety,1,1
ASub20,120,Anxiety,1,1
ASub20,121,Anxiety,1,1
ASub20,122,Anxiety,1,1
ASub20,123,Anxiety,1,1
ASub20,124,Anxiety,1,1
ASub20,125,Anxiety,1,1
ASub20,126,Anxiety,1,1
ASub20,127,Anxiety,1,1
ASub20,128,Anxiety,1,1
ASub20,129,Anxiety,1,1
ASub20,130,Anxiety,1,1
ASub20,131,Anxiety,1,1
ASub20,132,Anxiety,1,1
ASub20,133,Anxiety,1,1
ASub20,134,Anxiety,1,1
ASub20,135,Anxiety,1,1
ASub20,136,Anxiety,1,1
ASub20,137,Anxiety,1,1
ASub20,138,Anxiety,1,1
ASub20,139,Anxiety,1,1
ASub20,140,Anxiety,1,1
ASub20,141,Anxiety,1,1
ASub20,142,Anxiety,1,1
ASub20,143,Anxiety,1,1
ASub20,144,Anxiety,1,1
ASub20,145,Anxiety,1,1
ASub20,146,Anxiety,1,1
ASub20,147,Anxiety,1,1
ASub20,148,Anxiety,1,1
ASub21,0,Anxiety,1,1
ASub21,1,Anxiety,1,1
ASub21,2,Anxiety,1,1
ASub21,3,Anxiety,1,1
ASub21,4,Anxiety,1,1
ASub21,5,Anxiety,1,1
ASub21,6,Anxiety,1,1
ASub21,7,Anxiety,1,1
ASub21,8,Anxiety,1,1
ASub21,9,Anxiety,1,1
ASub21,10,Anxiety,1,1
ASub21,11,Anxiety,1,1
ASub21,12,Anxiety,1,1
ASub21,13,Anxiety,1,1
ASub21,14,Anxiety,1,1
ASub21,15,Anxiety,1,1
ASub21,16,Anxiety,1,1
ASub21,17,Anxiety,1,1
ASub21,18,Anxiety,1,1
ASub21,19,Anxiety,1,1
ASub21,20,Anxiety,1,1
ASub21,21,Anxiety,1,1
ASub21,22,Anxiety,1,1
ASub21,23,Anxiety,1,1
ASub21,24,Anxiety,1,1
ASub21,25,Anxiety,1,1
ASub21,26,Anxiety,1,1
ASub21,27,Anxiety,1,1
ASub21,28,Anxiety,1,1
ASub21,29,Anxiety,1,1
ASub21,30,Anxiety,1,1
ASub21,31,Anxiety,1,1
ASub21,32,Anxiety,1,1
ASub21,33,Anxiety,1,1
ASub21,34,Anxiety,1,1
ASub21,35,Anxiety,1,1
ASub21,36,Anxiety,1,1
ASub21,37,Anxiety,1,1
ASub21,38,Anxiety,1,1
ASub21,39,Anxiety,1,1
ASub21,40,Anxiety,1,1
ASub21,41,Anxiety,1,1
ASub21,42,Anxiety,1,1
ASub21,43,Anxiety,1,1
ASub21,44,Anxiety,1,1
ASub21,45,Anxiety,1,1
ASub21,46,Anxiety,1,1
ASub21,47,Anxiety,1,1
ASub21,48,Anxiety,1,1
ASub21,49,Anxiety,1,1
ASub21,50,Anxiety,1,1
ASub21,51,Anxiety,1,1
ASub21,52,Anxiety,1,1
ASub21,53,Anxiety,1,1
ASub21,54,Anxiety,1,1
ASub21,55,Anxiety,1,1
ASub21,56,Anxiety,1,1
ASub21,57,Anxiety,1,1
ASub21,58,Anxiety,1,1
ASub21,59,Anxiety,1,1
ASub21,60,Anxiety,1,1
ASub21,61,Anxiety,1,1
ASub21,62,Anxiety,1,1
ASub21,63,Anxiety,1,1
ASub21,64,Anxiety,1,1
ASub21,65,Anxiety,1,1
ASub21,66,Anxiety,1,1
ASub21,67,Anxiety,1,1
ASub21,68,Anxiety,1,1
ASub21,69,Anxiety,1,1
ASub21,70,Anxiety,1,1
ASub21,71,Anxiety,1,1
ASub21,72,Anxiety,1,1
ASub21,73,Anxiety,1,1
ASub21,74,Anxiety,1,1
ASub21,75,Anxiety,1,1
ASub21,76,Anxiety,1,1
ASub21,77,Anxiety,1,1
ASub21,78,Anxiety,1,1
ASub21,79,Anxiety,1,1
ASub21,80,Anxiety,1,1
ASub21,81,Anxiety,1,1
ASub21,82,Anxiety,1,1
ASub21,83,Anxiety,1,1
ASub21,84,Anxiety,1,1
ASub21,85,Anxiety,1,1
ASub21,86,Anxiety,1,1
ASub21,87,Anxiety,1,1
ASub21,88,Anxiety,1,1
ASub21,89,Anxiety,1,1
ASub21,90,Anxiety,1,1
ASub21,91,Anxiety,1,1
ASub21,92,Anxiety,1,1
ASub21,93,Anxiety,1,1
ASub21,94,Anxiety,1,1
ASub21,95,Anxiety,1,1
ASub21,96,Anxiety,1,1
ASub21,97,Anxiety,1,1
ASub21,98,Anxiety,1,1
ASub21,99,Anxiety,1,1
ASub21,100,Anxiety,1,1
ASub21,101,Anxiety,1,1
ASub21,102,Anxiety,1,1
ASub21,103,Anxiety,1,1
ASub21,104,Anxiety,1,1
ASub21,105,Anxiety,1,1
ASub21,106,Anxiety,1,1
ASub21,107,Anxiety,1,1
ASub21,108,Anxiety,1,1
ASub21,109,Anxiety,1,1
ASub21,110,Anxiety,1,1
ASub21,111,Anxiety,1,1
ASub21,112,Anxiety,1,1
ASub21,113,Anxiety,1,1
ASub21,114,Anxiety,1,1
ASub21,115,Anxiety,1,1
ASub21,116,Anxiety,1,1
ASub21,117,Anxiety,1,1
ASub21,118,Anxiety,1,1
ASub21,119,Anxiety,1,1
ASub21,120,Anxiety,1,1
ASub21,121,Anxiety,1,1
ASub21,122,Anxiety,1,1
ASub21,123,Anxiety,1,1
ASub21,124,Anxiety,1,1
ASub21,125,Anxiety,1,1
ASub21,126,Anxiety,1,1
ASub21,127,Anxiety,1,1
ASub21,128,Anxiety,1,1
ASub21,129,Anxiety,1,1
ASub21,130,Anxiety,1,1
ASub21,131,Anxiety,1,1
ASub21,132,Anxiety,1,1
ASub21,133,Anxiety,1,1
ASub21,134,Anxiety,1,1
ASub21,135,Anxiety,1,1
ASub21,136,Anxiety,1,1
ASub21,137,Anxiety,1,1
ASub21,138,Anxiety,1,1
ASub21,139,Anxiety,1,1
ASub21,140,Anxiety,1,1
ASub21,141,Anxiety,1,1
ASub21,142,Anxiety,1,1
ASub21,143,Anxiety,1,1
ASub21,144,Anxiety,1,1
ASub21,145,Anxiety,1,1
ASub21,146,Anxiety,1,1
ASub21,147,Anxiety,1,1
ASub21,148,Anxiety,1,1
ASub22,0,Anxiety,1,1
ASub22,1,Anxiety,1,1
ASub22,2,Anxiety,1,1
ASub22,3,Anxiety,1,1
ASub22,4,Anxiety,1,1
ASub22,5,Anxiety,1,1
ASub22,6,Anxiety,1,1
ASub22,7,Anxiety,1,1
ASub22,8,Anxiety,1,1
ASub22,9,Anxiety,1,1
ASub22,10,Anxiety,1,1
ASub22,11,Anxiety,1,1
ASub22,12,Anxiety,1,1
ASub22,13,Anxiety,1,1
ASub22,14,Anxiety,1,1
ASub22,15,Anxiety,1,1
ASub22,16,Anxiety,1,1
ASub22,17,Anxiety,1,1
ASub22,18,Anxiety,1,1
ASub22,19,Anxiety,1,1
ASub22,20,Anxiety,1,1
ASub22,21,Anxiety,1,1
ASub22,22,Anxiety,1,1
ASub22,23,Anxiety,1,1
ASub22,24,Anxiety,1,1
ASub22,25,Anxiety,1,1
ASub22,26,Anxiety,1,1
ASub22,27,Anxiety,1,1
ASub22,28,Anxiety,1,1
ASub22,29,Anxiety,1,1
ASub22,30,Anxiety,1,1
ASub22,31,Anxiety,1,1
ASub22,32,Anxiety,1,1
ASub22,33,Anxiety,1,1
ASub22,34,Anxiety,1,1
ASub22,35,Anxiety,1,1
ASub22,36,Anxiety,1,1
ASub22,37,Anxiety,1,1
ASub22,38,Anxiety,1,1
ASub22,39,Anxiety,1,1
ASub22,40,Anxiety,1,1
ASub22,41,Anxiety,1,1
ASub22,42,Anxiety,1,1
ASub22,43,Anxiety,1,1
ASub22,44,Anxiety,1,1
ASub22,45,Anxiety,1,1
ASub22,46,Anxiety,1,1
ASub22,47,Anxiety,1,1
ASub22,48,Anxiety,1,1
ASub22,49,Anxiety,1,1
ASub22,50,Anxiety,1,1
ASub22,51,Anxiety,1,1
ASub22,52,Anxiety,1,1
ASub22,53,Anxiety,1,1
ASub22,54,Anxiety,1,1
ASub22,55,Anxiety,1,1
ASub22,56,Anxiety,1,1
ASub22,57,Anxiety,1,1
ASub22,58,Anxiety,1,1
ASub22,59,Anxiety,1,1
ASub22,60,Anxiety,1,1
ASub22,61,Anxiety,1,1
ASub22,62,Anxiety,1,1
ASub22,63,Anxiety,1,1
ASub22,64,Anxiety,1,1
ASub22,65,Anxiety,1,1
ASub22,66,Anxiety,1,1
ASub22,67,Anxiety,1,1
ASub22,68,Anxiety,1,1
ASub22,69,Anxiety,1,1
ASub22,70,Anxiety,1,1
ASub22,71,Anxiety,1,1
ASub22,72,Anxiety,1,1
ASub22,73,Anxiety,1,1
ASub22,74,Anxiety,1,1
ASub22,75,Anxiety,1,1
ASub22,76,Anxiety,1,1
ASub22,77,Anxiety,1,1
ASub22,78,Anxiety,1,1
ASub22,79,Anxiety,1,1
ASub22,80,Anxiety,1,1
ASub22,81,Anxiety,1,1
ASub22,82,Anxiety,1,1
ASub22,83,Anxiety,1,1
ASub22,84,Anxiety,1,1
ASub22,85,Anxiety,1,1
ASub22,86,Anxiety,1,1
ASub22,87,Anxiety,1,1
ASub22,88,Anxiety,1,1
ASub22,89,Anxiety,1,1
ASub22,90,Anxiety,1,1
ASub22,91,Anxiety,1,1
ASub22,92,Anxiety,1,1
ASub22,93,Anxiety,1,1
ASub22,94,Anxiety,1,1
ASub22,95,Anxiety,1,1
ASub22,96,Anxiety,1,1
ASub22,97,Anxiety,1,1
ASub22,98,Anxiety,1,1
ASub22,99,Anxiety,1,1
ASub22,100,Anxiety,1,1
ASub22,101,Anxiety,1,1
ASub22,102,Anxiety,1,1
ASub22,103,Anxiety,1,1
ASub22,104,Anxiety,1,1
ASub22,105,Anxiety,1,1
ASub22,106,Anxiety,1,1
ASub22,107,Anxiety,1,1
ASub22,108,Anxiety,1,1
ASub22,109,Anxiety,1,1
ASub22,110,Anxiety,1,1
ASub22,111,Anxiety,1,1
ASub22,112,Anxiety,1,1
ASub22,113,Anxiety,1,1
ASub22,114,Anxiety,1,1
ASub22,115,Anxiety,1,1
ASub22,116,Anxiety,1,1
ASub22,117,Anxiety,1,1
ASub22,118,Anxiety,1,1
ASub22,119,Anxiety,1,1
ASub22,120,Anxiety,1,1
ASub22,121,Anxiety,1,1
ASub22,122,Anxiety,1,1
ASub22,123,Anxiety,1,1
ASub22,124,Anxiety,1,1
ASub22,125,Anxiety,1,1
ASub22,126,Anxiety,1,1
ASub22,127,Anxiety,1,1
ASub22,128,Anxiety,1,1
ASub22,129,Anxiety,1,1
ASub22,130,Anxiety,1,1
ASub22,131,Anxiety,1,1
ASub22,132,Anxiety,1,1
ASub22,133,Anxiety,1,1
ASub22,134,Anxiety,1,1
ASub22,135,Anxiety,1,1
ASub22,136,Anxiety,1,1
ASub22,137,Anxiety,1,1
ASub22,138,Anxiety,1,1
ASub22,139,Anxiety,1,1
ASub22,140,Anxiety,1,1
ASub22,141,Anxiety,1,1
ASub22,142,Anxiety,1,1
ASub22,143,Anxiety,1,1
ASub22,144,Anxiety,1,1
ASub22,145,Anxiety,1,1
ASub22,146,Anxiety,1,1
ASub22,147,Anxiety,1,1
ASub22,148,Anxiety,1,1
ASub23,0,Anxiety,1,1
ASub23,1,Anxiety,1,1
ASub23,2,Anxiety,1,1
ASub23,3,Anxiety,1,1
ASub23,4,Anxiety,1,1
ASub23,5,Anxiety,1,1
ASub23,6,Anxiety,1,1
ASub23,7,Anxiety,1,1
ASub23,8,Anxiety,1,1
ASub23,9,Anxiety,1,1
ASub23,10,Anxiety,1,1
ASub23,11,Anxiety,1,1
ASub23,12,Anxiety,1,1
ASub23,13,Anxiety,1,1
ASub23,14,Anxiety,1,1
ASub23,15,Anxiety,1,1
ASub23,16,Anxiety,1,1
ASub23,17,Anxiety,1,1
ASub23,18,Anxiety,1,1
ASub23,19,Anxiety,1,1
ASub23,20,Anxiety,1,1
ASub23,21,Anxiety,1,1
ASub23,22,Anxiety,1,1
ASub23,23,Anxiety,1,1
ASub23,24,Anxiety,1,1
ASub23,25,Anxiety,1,1
ASub23,26,Anxiety,1,1
ASub23,27,Anxiety,1,1
ASub23,28,Anxiety,1,1
ASub23,29,Anxiety,1,1
ASub23,30,Anxiety,1,1
ASub23,31,Anxiety,1,1
ASub23,32,Anxiety,1,1
ASub23,33,Anxiety,1,1
ASub23,34,Anxiety,1,1
ASub23,35,Anxiety,1,1
ASub23,36,Anxiety,1,1
ASub23,37,Anxiety,1,1
ASub23,38,Anxiety,1,1
ASub23,39,Anxiety,1,1
ASub23,40,Anxiety,1,1
ASub23,41,Anxiety,1,1
ASub23,42,Anxiety,1,1
ASub23,43,Anxiety,1,1
ASub23,44,Anxiety,1,1
ASub23,45,Anxiety,1,1
ASub23,46,Anxiety,1,1
ASub23,47,Anxiety,1,1
ASub23,48,Anxiety,1,1
ASub23,49,Anxiety,1,1
ASub23,50,Anxiety,1,1
ASub23,51,Anxiety,1,1
ASub23,52,Anxiety,1,1
ASub23,53,Anxiety,1,1
ASub23,54,Anxiety,1,1
ASub23,55,Anxiety,1,1
ASub23,56,Anxiety,1,1
ASub23,57,Anxiety,1,1
ASub23,58,Anxiety,1,1
ASub23,59,Anxiety,1,1
ASub23,60,Anxiety,1,1
ASub23,61,Anxiety,1,1
ASub23,62,Anxiety,1,1
ASub23,63,Anxiety,1,1
ASub23,64,Anxiety,1,1
ASub23,65,Anxiety,1,1
ASub23,66,Anxiety,1,1
ASub23,67,Anxiety,1,1
ASub23,68,Anxiety,1,1
ASub23,69,Anxiety,1,1
ASub23,70,Anxiety,1,1
ASub23,71,Anxiety,1,1
ASub23,72,Anxiety,1,1
ASub23,73,Anxiety,1,1
ASub23,74,Anxiety,1,1
ASub23,75,Anxiety,1,1
ASub23,76,Anxiety,1,1
ASub23,77,Anxiety,1,1
ASub23,78,Anxiety,1,1
ASub23,79,Anxiety,1,1
ASub23,80,Anxiety,1,1
ASub23,81,Anxiety,1,1
ASub23,82,Anxiety,1,1
ASub23,83,Anxiety,1,1
ASub23,84,Anxiety,1,1
ASub23,85,Anxiety,1,1
ASub23,86,Anxiety,1,1
ASub23,87,Anxiety,1,1
ASub23,88,Anxiety,1,1
ASub23,89,Anxiety,1,1
ASub23,90,Anxiety,1,1
ASub23,91,Anxiety,1,1
ASub23,92,Anxiety,1,1
ASub23,93,Anxiety,1,1
ASub23,94,Anxiety,1,1
ASub23,95,Anxiety,1,1
ASub23,96,Anxiety,1,1
ASub23,97,Anxiety,1,1
ASub23,98,Anxiety,1,1
ASub23,99,Anxiety,1,1
ASub23,100,Anxiety,1,1
ASub23,101,Anxiety,1,1
ASub23,102,Anxiety,1,1
ASub23,103,Anxiety,1,1
ASub23,104,Anxiety,1,1
ASub23,105,Anxiety,1,1
ASub23,106,Anxiety,1,1
ASub23,107,Anxiety,1,1
ASub23,108,Anxiety,1,1
ASub23,109,Anxiety,1,1
ASub23,110,Anxiety,1,1
ASub23,111,Anxiety,1,1
ASub23,112,Anxiety,1,1
ASub23,113,Anxiety,1,1
ASub23,114,Anxiety,1,1
ASub23,115,Anxiety,1,1
ASub23,116,Anxiety,1,1
ASub23,117,Anxiety,1,1
ASub23,118,Anxiety,1,1
ASub23,119,Anxiety,1,1
ASub23,120,Anxiety,1,1
ASub23,121,Anxiety,1,1
ASub23,122,Anxiety,1,1
ASub23,123,Anxiety,1,1
ASub23,124,Anxiety,1,1
ASub23,125,Anxiety,1,1
ASub23,126,Anxiety,1,1
ASub23,127,Anxiety,1,1
ASub23,128,Anxiety,1,1
ASub23,129,Anxiety,1,1
ASub23,130,Anxiety,1,1
ASub23,131,Anxiety,1,1
ASub23,132,Anxiety,1,1
ASub23,133,Anxiety,1,1
ASub23,134,Anxiety,1,1
ASub23,135,Anxiety,1,1
ASub23,136,Anxiety,1,1
ASub23,137,Anxiety,1,1
ASub23,138,Anxiety,1,1
ASub23,139,Anxiety,1,1
ASub23,140,Anxiety,1,1
ASub23,141,Anxiety,1,1
ASub23,142,Anxiety,1,1
ASub23,143,Anxiety,1,1
ASub23,144,Anxiety,1,1
ASub23,145,Anxiety,1,1
ASub23,146,Anxiety,1,1
ASub23,147,Anxiety,1,1
ASub23,148,Anxiety,1,1
ASub3,0,Anxiety,1,1
ASub3,1,Anxiety,1,1
ASub3,2,Anxiety,1,1
ASub3,3,Anxiety,1,1
ASub3,4,Anxiety,1,1
ASub3,5,Anxiety,1,1
ASub3,6,Anxiety,1,1
ASub3,7,Anxiety,1,1
ASub3,8,Anxiety,1,1
ASub3,9,Anxiety,1,1
ASub3,10,Anxiety,1,1
ASub3,11,Anxiety,1,1
ASub3,12,Anxiety,1,1
ASub3,13,Anxiety,1,1
ASub3,14,Anxiety,1,1
ASub3,15,Anxiety,1,1
ASub3,16,Anxiety,1,1
ASub3,17,Anxiety,1,1
ASub3,18,Anxiety,1,1
ASub3,19,Anxiety,1,1
ASub3,20,Anxiety,1,1
ASub3,21,Anxiety,1,1
ASub3,22,Anxiety,1,1
ASub3,23,Anxiety,1,1
ASub3,24,Anxiety,1,1
ASub3,25,Anxiety,1,1
ASub3,26,Anxiety,1,1
ASub3,27,Anxiety,1,1
ASub3,28,Anxiety,1,1
ASub3,29,Anxiety,1,1
ASub3,30,Anxiety,1,1
ASub3,31,Anxiety,1,1
ASub3,32,Anxiety,1,1
ASub3,33,Anxiety,1,1
ASub3,34,Anxiety,1,1
ASub3,35,Anxiety,1,1
ASub3,36,Anxiety,1,1
ASub3,37,Anxiety,1,1
ASub3,38,Anxiety,1,1
ASub3,39,Anxiety,1,1
ASub3,40,Anxiety,1,1
ASub3,41,Anxiety,1,1
ASub3,42,Anxiety,1,1
ASub3,43,Anxiety,1,1
ASub3,44,Anxiety,1,1
ASub3,45,Anxiety,1,1
ASub3,46,Anxiety,1,1
ASub3,47,Anxiety,1,1
ASub3,48,Anxiety,1,1
ASub3,49,Anxiety,1,1
ASub3,50,Anxiety,1,1
ASub3,51,Anxiety,1,1
ASub3,52,Anxiety,1,1
ASub3,53,Anxiety,1,1
ASub3,54,Anxiety,1,1
ASub3,55,Anxiety,1,1
ASub3,56,Anxiety,1,1
ASub3,57,Anxiety,1,1
ASub3,58,Anxiety,1,1
ASub3,59,Anxiety,1,1
ASub3,60,Anxiety,1,1
ASub3,61,Anxiety,1,1
ASub3,62,Anxiety,1,1
ASub3,63,Anxiety,1,1
ASub3,64,Anxiety,1,1
ASub3,65,Anxiety,1,1
ASub3,66,Anxiety,1,1
ASub3,67,Anxiety,1,1
ASub3,68,Anxiety,1,1
ASub3,69,Anxiety,1,1
ASub3,70,Anxiety,1,1
ASub3,71,Anxiety,1,1
ASub3,72,Anxiety,1,1
ASub3,73,Anxiety,1,1
ASub3,74,Anxiety,1,1
ASub3,75,Anxiety,1,1
ASub3,76,Anxiety,1,1
ASub3,77,Anxiety,1,1
ASub3,78,Anxiety,1,1
ASub3,79,Anxiety,1,1
ASub3,80,Anxiety,1,1
ASub3,81,Anxiety,1,1
ASub3,82,Anxiety,1,1
ASub3,83,Anxiety,1,1
ASub3,84,Anxiety,1,1
ASub3,85,Anxiety,1,1
ASub3,86,Anxiety,1,1
ASub3,87,Anxiety,1,1
ASub3,88,Anxiety,1,1
ASub3,89,Anxiety,1,1
ASub3,90,Anxiety,1,1
ASub3,91,Anxiety,1,1
ASub3,92,Anxiety,1,1
ASub3,93,Anxiety,1,1
ASub3,94,Anxiety,1,1
ASub3,95,Anxiety,1,1
ASub3,96,Anxiety,1,1
ASub3,97,Anxiety,1,1
ASub3,98,Anxiety,1,1
ASub3,99,Anxiety,1,1
ASub3,100,Anxiety,1,1
ASub3,101,Anxiety,1,1
ASub3,102,Anxiety,1,1
ASub3,103,Anxiety,1,1
ASub3,104,Anxiety,1,1
ASub3,105,Anxiety,1,1
ASub3,106,Anxiety,1,1
ASub3,107,Anxiety,1,1
ASub3,108,Anxiety,1,1
ASub3,109,Anxiety,1,1
ASub3,110,Anxiety,1,1
ASub3,111,Anxiety,1,1
ASub3,112,Anxiety,1,1
ASub3,113,Anxiety,1,1
ASub3,114,Anxiety,1,1
ASub3,115,Anxiety,1,1
ASub3,116,Anxiety,1,1
ASub3,117,Anxiety,1,1
ASub3,118,Anxiety,1,1
ASub3,119,Anxiety,1,1
ASub3,120,Anxiety,1,1
ASub3,121,Anxiety,1,1
ASub3,122,Anxiety,1,1
ASub3,123,Anxiety,1,1
ASub3,124,Anxiety,1,1
ASub3,125,Anxiety,1,1
ASub3,126,Anxiety,1,1
ASub3,127,Anxiety,1,1
ASub3,128,Anxiety,1,1
ASub3,129,Anxiety,1,1
ASub3,130,Anxiety,1,1
ASub3,131,Anxiety,1,1
ASub3,132,Anxiety,1,1
ASub3,133,Anxiety,1,1
ASub3,134,Anxiety,1,1
ASub3,135,Anxiety,1,1
ASub3,136,Anxiety,1,1
ASub3,137,Anxiety,1,1
ASub3,138,Anxiety,1,1
ASub3,139,Anxiety,1,1
ASub3,140,Anxiety,1,1
ASub3,141,Anxiety,1,1
ASub3,142,Anxiety,1,1
ASub3,143,Anxiety,1,1
ASub3,144,Anxiety,1,1
ASub3,145,Anxiety,1,1
ASub3,146,Anxiety,1,1
ASub3,147,Anxiety,1,1
ASub3,148,Anxiety,1,1
ASub4,0,Anxiety,1,1
ASub4,1,Anxiety,1,1
ASub4,2,Anxiety,1,1
ASub4,3,Anxiety,1,1
ASub4,4,Anxiety,1,1
ASub4,5,Anxiety,1,1
ASub4,6,Anxiety,1,1
ASub4,7,Anxiety,1,1
ASub4,8,Anxiety,1,1
ASub4,9,Anxiety,1,1
ASub4,10,Anxiety,1,1
ASub4,11,Anxiety,1,1
ASub4,12,Anxiety,1,1
ASub4,13,Anxiety,1,1
ASub4,14,Anxiety,1,1
ASub4,15,Anxiety,1,1
ASub4,16,Anxiety,1,1
ASub4,17,Anxiety,1,1
ASub4,18,Anxiety,1,1
ASub4,19,Anxiety,1,1
ASub4,20,Anxiety,1,1
ASub4,21,Anxiety,1,1
ASub4,22,Anxiety,1,1
ASub4,23,Anxiety,1,1
ASub4,24,Anxiety,1,1
ASub4,25,Anxiety,1,1
ASub4,26,Anxiety,1,1
ASub4,27,Anxiety,1,1
ASub4,28,Anxiety,1,1
ASub4,29,Anxiety,1,1
ASub4,30,Anxiety,1,1
ASub4,31,Anxiety,1,1
ASub4,32,Anxiety,1,1
ASub4,33,Anxiety,1,1
ASub4,34,Anxiety,1,1
ASub4,35,Anxiety,1,1
ASub4,36,Anxiety,1,1
ASub4,37,Anxiety,1,1
ASub4,38,Anxiety,1,1
ASub4,39,Anxiety,1,1
ASub4,40,Anxiety,1,1
ASub4,41,Anxiety,1,1
ASub4,42,Anxiety,1,1
ASub4,43,Anxiety,1,1
ASub4,44,Anxiety,1,1
ASub4,45,Anxiety,1,1
ASub4,46,Anxiety,1,1
ASub4,47,Anxiety,1,1
ASub4,48,Anxiety,1,1
ASub4,49,Anxiety,1,1
ASub4,50,Anxiety,1,1
ASub4,51,Anxiety,1,1
ASub4,52,Anxiety,1,1
ASub4,53,Anxiety,1,1
ASub4,54,Anxiety,1,1
ASub4,55,Anxiety,1,1
ASub4,56,Anxiety,1,1
ASub4,57,Anxiety,1,1
ASub4,58,Anxiety,1,1
ASub4,59,Anxiety,1,1
ASub4,60,Anxiety,1,1
ASub4,61,Anxiety,1,1
ASub4,62,Anxiety,1,1
ASub4,63,Anxiety,1,1
ASub4,64,Anxiety,1,1
ASub4,65,Anxiety,1,1
ASub4,66,Anxiety,1,1
ASub4,67,Anxiety,1,1
ASub4,68,Anxiety,1,1
ASub4,69,Anxiety,1,1
ASub4,70,Anxiety,1,1
ASub4,71,Anxiety,1,1
ASub4,72,Anxiety,1,1
ASub4,73,Anxiety,1,1
ASub4,74,Anxiety,1,1
ASub4,75,Anxiety,1,1
ASub4,76,Anxiety,1,1
ASub4,77,Anxiety,1,1
ASub4,78,Anxiety,1,1
ASub4,79,Anxiety,1,1
ASub4,80,Anxiety,1,1
ASub4,81,Anxiety,1,1
ASub4,82,Anxiety,1,1
ASub4,83,Anxiety,1,1
ASub4,84,Anxiety,1,1
ASub4,85,Anxiety,1,1
ASub4,86,Anxiety,1,1
ASub4,87,Anxiety,1,1
ASub4,88,Anxiety,1,1
ASub4,89,Anxiety,1,1
ASub4,90,Anxiety,1,1
ASub4,91,Anxiety,1,1
ASub4,92,Anxiety,1,1
ASub4,93,Anxiety,1,1
ASub4,94,Anxiety,1,1
ASub4,95,Anxiety,1,1
ASub4,96,Anxiety,1,1
ASub4,97,Anxiety,1,1
ASub4,98,Anxiety,1,1
ASub4,99,Anxiety,1,1
ASub4,100,Anxiety,1,1
ASub4,101,Anxiety,1,1
ASub4,102,Anxiety,1,1
ASub4,103,Anxiety,1,1
ASub4,104,Anxiety,1,1
ASub4,105,Anxiety,1,1
ASub4,106,Anxiety,1,1
ASub4,107,Anxiety,1,1
ASub4,108,Anxiety,1,1
ASub4,109,Anxiety,1,1
ASub4,110,Anxiety,1,1
ASub4,111,Anxiety,1,1
ASub4,112,Anxiety,1,1
ASub4,113,Anxiety,1,1
ASub4,114,Anxiety,1,1
ASub4,115,Anxiety,1,1
ASub4,116,Anxiety,1,1
ASub4,117,Anxiety,1,1
ASub4,118,Anxiety,1,1
ASub4,119,Anxiety,1,1
ASub4,120,Anxiety,1,1
ASub4,121,Anxiety,1,1
ASub4,122,Anxiety,1,1
ASub4,123,Anxiety,1,1
ASub4,124,Anxiety,1,1
ASub4,125,Anxiety,1,1
ASub4,126,Anxiety,1,1
ASub4,127,Anxiety,1,1
ASub4,128,Anxiety,1,1
ASub4,129,Anxiety,1,1
ASub4,130,Anxiety,1,1
ASub4,131,Anxiety,1,1
ASub4,132,Anxiety,1,1
ASub4,133,Anxiety,1,1
ASub4,134,Anxiety,1,1
ASub4,135,Anxiety,1,1
ASub4,136,Anxiety,1,1
ASub4,137,Anxiety,1,1
ASub4,138,Anxiety,1,1
ASub4,139,Anxiety,1,1
ASub4,140,Anxiety,1,1
ASub4,141,Anxiety,1,1
ASub4,142,Anxiety,1,1
ASub4,143,Anxiety,1,1
ASub4,144,Anxiety,1,1
ASub4,145,Anxiety,1,1
ASub4,146,Anxiety,1,1
ASub4,147,Anxiety,1,1
ASub4,148,Anxiety,1,1
ASub5,0,Anxiety,1,1
ASub5,1,Anxiety,1,1
ASub5,2,Anxiety,1,1
ASub5,3,Anxiety,1,1
ASub5,4,Anxiety,1,1
ASub5,5,Anxiety,1,1
ASub5,6,Anxiety,1,1
ASub5,7,Anxiety,1,1
ASub5,8,Anxiety,1,1
ASub5,9,Anxiety,1,1
ASub5,10,Anxiety,1,1
ASub5,11,Anxiety,1,1
ASub5,12,Anxiety,1,1
ASub5,13,Anxiety,1,1
ASub5,14,Anxiety,1,1
ASub5,15,Anxiety,1,1
ASub5,16,Anxiety,1,1
ASub5,17,Anxiety,1,1
ASub5,18,Anxiety,1,1
ASub5,19,Anxiety,1,1
ASub5,20,Anxiety,1,1
ASub5,21,Anxiety,1,1
ASub5,22,Anxiety,1,1
ASub5,23,Anxiety,1,1
ASub5,24,Anxiety,1,1
ASub5,25,Anxiety,1,1
ASub5,26,Anxiety,1,1
ASub5,27,Anxiety,1,1
ASub5,28,Anxiety,1,1
ASub5,29,Anxiety,1,1
ASub5,30,Anxiety,1,1
ASub5,31,Anxiety,1,1
ASub5,32,Anxiety,1,1
ASub5,33,Anxiety,1,1
ASub5,34,Anxiety,1,1
ASub5,35,Anxiety,1,1
ASub5,36,Anxiety,1,1
ASub5,37,Anxiety,1,1
ASub5,38,Anxiety,1,1
ASub5,39,Anxiety,1,1
ASub5,40,Anxiety,1,1
ASub5,41,Anxiety,1,1
ASub5,42,Anxiety,1,1
ASub5,43,Anxiety,1,1
ASub5,44,Anxiety,1,1
ASub5,45,Anxiety,1,1
ASub5,46,Anxiety,1,1
ASub5,47,Anxiety,1,1
ASub5,48,Anxiety,1,1
ASub5,49,Anxiety,1,1
ASub5,50,Anxiety,1,1
ASub5,51,Anxiety,1,1
ASub5,52,Anxiety,1,1
ASub5,53,Anxiety,1,1
ASub5,54,Anxiety,1,1
ASub5,55,Anxiety,1,1
ASub5,56,Anxiety,1,1
ASub5,57,Anxiety,1,1
ASub5,58,Anxiety,1,1
ASub5,59,Anxiety,1,1
ASub5,60,Anxiety,1,1
ASub5,61,Anxiety,1,1
ASub5,62,Anxiety,1,1
ASub5,63,Anxiety,1,1
ASub5,64,Anxiety,1,1
ASub5,65,Anxiety,1,1
ASub5,66,Anxiety,1,1
ASub5,67,Anxiety,1,1
ASub5,68,Anxiety,1,1
ASub5,69,Anxiety,1,1
ASub5,70,Anxiety,1,1
ASub5,71,Anxiety,1,1
ASub5,72,Anxiety,1,1
ASub5,73,Anxiety,1,1
ASub5,74,Anxiety,1,1
ASub5,75,Anxiety,1,1
ASub5,76,Anxiety,1,1
ASub5,77,Anxiety,1,1
ASub5,78,Anxiety,1,1
ASub5,79,Anxiety,1,1
ASub5,80,Anxiety,1,1
ASub5,81,Anxiety,1,1
ASub5,82,Anxiety,1,1
ASub5,83,Anxiety,1,1
ASub5,84,Anxiety,1,1
ASub5,85,Anxiety,1,1
ASub5,86,Anxiety,1,1
ASub5,87,Anxiety,1,1
ASub5,88,Anxiety,1,1
ASub5,89,Anxiety,1,1
ASub5,90,Anxiety,1,1
ASub5,91,Anxiety,1,1
ASub5,92,Anxiety,1,1
ASub5,93,Anxiety,1,1
ASub5,94,Anxiety,1,1
ASub5,95,Anxiety,1,1
ASub5,96,Anxiety,1,1
ASub5,97,Anxiety,1,1
ASub5,98,Anxiety,1,1
ASub5,99,Anxiety,1,1
ASub5,100,Anxiety,1,1
ASub5,101,Anxiety,1,1
ASub5,102,Anxiety,1,1
ASub5,103,Anxiety,1,1
ASub5,104,Anxiety,1,1
ASub5,105,Anxiety,1,1
ASub5,106,Anxiety,1,1
ASub5,107,Anxiety,1,1
ASub5,108,Anxiety,1,1
ASub5,109,Anxiety,1,1
ASub5,110,Anxiety,1,1
ASub5,111,Anxiety,1,1
ASub5,112,Anxiety,1,1
ASub5,113,Anxiety,1,1
ASub5,114,Anxiety,1,1
ASub5,115,Anxiety,1,1
ASub5,116,Anxiety,1,1
ASub5,117,Anxiety,1,1
ASub5,118,Anxiety,1,1
ASub5,119,Anxiety,1,1
ASub5,120,Anxiety,1,1
ASub5,121,Anxiety,1,1
ASub5,122,Anxiety,1,1
ASub5,123,Anxiety,1,1
ASub5,124,Anxiety,1,1
ASub5,125,Anxiety,1,1
ASub5,126,Anxiety,1,1
ASub5,127,Anxiety,1,1
ASub5,128,Anxiety,1,1
ASub5,129,Anxiety,1,1
ASub5,130,Anxiety,1,1
ASub5,131,Anxiety,1,1
ASub5,132,Anxiety,1,1
ASub5,133,Anxiety,1,1
ASub5,134,Anxiety,1,1
ASub5,135,Anxiety,1,1
ASub5,136,Anxiety,1,1
ASub5,137,Anxiety,1,1
ASub5,138,Anxiety,1,1
ASub5,139,Anxiety,1,1
ASub5,140,Anxiety,1,1
ASub5,141,Anxiety,1,1
ASub5,142,Anxiety,1,1
ASub5,143,Anxiety,1,1
ASub5,144,Anxiety,1,1
ASub5,145,Anxiety,1,1
ASub5,146,Anxiety,1,1
ASub5,147,Anxiety,1,1
ASub5,148,Anxiety,1,1
ASub6,0,Anxiety,1,0
ASub6,1,Anxiety,1,0
ASub6,2,Anxiety,1,0
ASub6,3,Anxiety,1,0
ASub6,4,Anxiety,1,0
ASub6,5,Anxiety,1,0
ASub6,6,Anxiety,1,0
ASub6,7,Anxiety,1,0
ASub6,8,Anxiety,1,0
ASub6,9,Anxiety,1,0
ASub6,10,Anxiety,1,0
ASub6,11,Anxiety,1,0
ASub6,12,Anxiety,1,0
ASub6,13,Anxiety,1,0
ASub6,14,Anxiety,1,0
ASub6,15,Anxiety,1,0
ASub6,16,Anxiety,1,0
ASub6,17,Anxiety,1,0
ASub6,18,Anxiety,1,0
ASub6,19,Anxiety,1,0
ASub6,20,Anxiety,1,0
ASub6,21,Anxiety,1,0
ASub6,22,Anxiety,1,0
ASub6,23,Anxiety,1,0
ASub6,24,Anxiety,1,0
ASub6,25,Anxiety,1,0
ASub6,26,Anxiety,1,0
ASub6,27,Anxiety,1,0
ASub6,28,Anxiety,1,0
ASub6,29,Anxiety,1,0
ASub6,30,Anxiety,1,0
ASub6,31,Anxiety,1,0
ASub6,32,Anxiety,1,0
ASub6,33,Anxiety,1,0
ASub6,34,Anxiety,1,0
ASub6,35,Anxiety,1,0
ASub6,36,Anxiety,1,0
ASub6,37,Anxiety,1,0
ASub6,38,Anxiety,1,0
ASub6,39,Anxiety,1,0
ASub6,40,Anxiety,1,0
ASub6,41,Anxiety,1,0
ASub6,42,Anxiety,1,0
ASub6,43,Anxiety,1,0
ASub6,44,Anxiety,1,0
ASub6,45,Anxiety,1,0
ASub6,46,Anxiety,1,0
ASub6,47,Anxiety,1,0
ASub6,48,Anxiety,1,0
ASub6,49,Anxiety,1,0
ASub6,50,Anxiety,1,0
ASub6,51,Anxiety,1,0
ASub6,52,Anxiety,1,0
ASub6,53,Anxiety,1,0
ASub6,54,Anxiety,1,0
ASub6,55,Anxiety,1,0
ASub6,56,Anxiety,1,0
ASub6,57,Anxiety,1,0
ASub6,58,Anxiety,1,0
ASub6,59,Anxiety,1,0
ASub6,60,Anxiety,1,0
ASub6,61,Anxiety,1,0
ASub6,62,Anxiety,1,0
ASub6,63,Anxiety,1,0
ASub6,64,Anxiety,1,0
ASub6,65,Anxiety,1,0
ASub6,66,Anxiety,1,0
ASub6,67,Anxiety,1,0
ASub6,68,Anxiety,1,0
ASub6,69,Anxiety,1,0
ASub6,70,Anxiety,1,0
ASub6,71,Anxiety,1,0
ASub6,72,Anxiety,1,0
ASub6,73,Anxiety,1,0
ASub6,74,Anxiety,1,0
ASub6,75,Anxiety,1,0
ASub6,76,Anxiety,1,0
ASub6,77,Anxiety,1,0
ASub6,78,Anxiety,1,0
ASub6,79,Anxiety,1,0
ASub6,80,Anxiety,1,0
ASub6,81,Anxiety,1,0
ASub6,82,Anxiety,1,0
ASub6,83,Anxiety,1,0
ASub6,84,Anxiety,1,0
ASub6,85,Anxiety,1,0
ASub6,86,Anxiety,1,0
ASub6,87,Anxiety,1,0
ASub6,88,Anxiety,1,0
ASub6,89,Anxiety,1,0
ASub6,90,Anxiety,1,0
ASub6,91,Anxiety,1,0
ASub6,92,Anxiety,1,0
ASub6,93,Anxiety,1,0
ASub6,94,Anxiety,1,0
ASub6,95,Anxiety,1,0
ASub6,96,Anxiety,1,0
ASub6,97,Anxiety,1,0
ASub6,98,Anxiety,1,0
ASub6,99,Anxiety,1,0
ASub6,100,Anxiety,1,0
ASub6,101,Anxiety,1,0
ASub6,102,Anxiety,1,0
ASub6,103,Anxiety,1,0
ASub6,104,Anxiety,1,0
ASub6,105,Anxiety,1,0
ASub6,106,Anxiety,1,0
ASub6,107,Anxiety,1,0
ASub6,108,Anxiety,1,0
ASub6,109,Anxiety,1,0
ASub6,110,Anxiety,1,0
ASub6,111,Anxiety,1,0
ASub6,112,Anxiety,1,0
ASub6,113,Anxiety,1,0
ASub6,114,Anxiety,1,0
ASub6,115,Anxiety,1,0
ASub6,116,Anxiety,1,0
ASub6,117,Anxiety,1,0
ASub6,118,Anxiety,1,0
ASub6,119,Anxiety,1,0
ASub6,120,Anxiety,1,0
ASub6,121,Anxiety,1,0
ASub6,122,Anxiety,1,0
ASub6,123,Anxiety,1,0
ASub6,124,Anxiety,1,0
ASub6,125,Anxiety,1,0
ASub6,126,Anxiety,1,0
ASub6,127,Anxiety,1,0
ASub6,128,Anxiety,1,0
ASub6,129,Anxiety,1,0
ASub6,130,Anxiety,1,0
ASub6,131,Anxiety,1,0
ASub6,132,Anxiety,1,0
ASub6,133,Anxiety,1,0
ASub6,134,Anxiety,1,0
ASub6,135,Anxiety,1,0
ASub6,136,Anxiety,1,0
ASub6,137,Anxiety,1,0
ASub6,138,Anxiety,1,0
ASub6,139,Anxiety,1,0
ASub6,140,Anxiety,1,0
ASub6,141,Anxiety,1,0
ASub6,142,Anxiety,1,0
ASub6,143,Anxiety,1,0
ASub6,144,Anxiety,1,0
ASub6,145,Anxiety,1,0
ASub6,146,Anxiety,1,0
ASub6,147,Anxiety,1,0
ASub6,148,Anxiety,1,0
ASub7,0,Anxiety,1,1
ASub7,1,Anxiety,1,1
ASub7,2,Anxiety,1,1
ASub7,3,Anxiety,1,1
ASub7,4,Anxiety,1,1
ASub7,5,Anxiety,1,1
ASub7,6,Anxiety,1,1
ASub7,7,Anxiety,1,1
ASub7,8,Anxiety,1,1
ASub7,9,Anxiety,1,1
ASub7,10,Anxiety,1,1
ASub7,11,Anxiety,1,1
ASub7,12,Anxiety,1,1
ASub7,13,Anxiety,1,1
ASub7,14,Anxiety,1,1
ASub7,15,Anxiety,1,1
ASub7,16,Anxiety,1,1
ASub7,17,Anxiety,1,1
ASub7,18,Anxiety,1,1
ASub7,19,Anxiety,1,1
ASub7,20,Anxiety,1,1
ASub7,21,Anxiety,1,1
ASub7,22,Anxiety,1,1
ASub7,23,Anxiety,1,1
ASub7,24,Anxiety,1,1
ASub7,25,Anxiety,1,1
ASub7,26,Anxiety,1,1
ASub7,27,Anxiety,1,1
ASub7,28,Anxiety,1,1
ASub7,29,Anxiety,1,1
ASub7,30,Anxiety,1,1
ASub7,31,Anxiety,1,1
ASub7,32,Anxiety,1,1
ASub7,33,Anxiety,1,1
ASub7,34,Anxiety,1,1
ASub7,35,Anxiety,1,1
ASub7,36,Anxiety,1,1
ASub7,37,Anxiety,1,1
ASub7,38,Anxiety,1,1
ASub7,39,Anxiety,1,1
ASub7,40,Anxiety,1,1
ASub7,41,Anxiety,1,1
ASub7,42,Anxiety,1,1
ASub7,43,Anxiety,1,1
ASub7,44,Anxiety,1,1
ASub7,45,Anxiety,1,1
ASub7,46,Anxiety,1,1
ASub7,47,Anxiety,1,1
ASub7,48,Anxiety,1,1
ASub7,49,Anxiety,1,1
ASub7,50,Anxiety,1,1
ASub7,51,Anxiety,1,1
ASub7,52,Anxiety,1,1
ASub7,53,Anxiety,1,1
ASub7,54,Anxiety,1,1
ASub7,55,Anxiety,1,1
ASub7,56,Anxiety,1,1
ASub7,57,Anxiety,1,1
ASub7,58,Anxiety,1,1
ASub7,59,Anxiety,1,1
ASub7,60,Anxiety,1,1
ASub7,61,Anxiety,1,1
ASub7,62,Anxiety,1,1
ASub7,63,Anxiety,1,1
ASub7,64,Anxiety,1,1
ASub7,65,Anxiety,1,1
ASub7,66,Anxiety,1,1
ASub7,67,Anxiety,1,1
ASub7,68,Anxiety,1,1
ASub7,69,Anxiety,1,1
ASub7,70,Anxiety,1,1
ASub7,71,Anxiety,1,1
ASub7,72,Anxiety,1,1
ASub7,73,Anxiety,1,1
ASub7,74,Anxiety,1,1
ASub7,75,Anxiety,1,1
ASub7,76,Anxiety,1,1
ASub7,77,Anxiety,1,1
ASub7,78,Anxiety,1,1
ASub7,79,Anxiety,1,1
ASub7,80,Anxiety,1,1
ASub7,81,Anxiety,1,1
ASub7,82,Anxiety,1,1
ASub7,83,Anxiety,1,1
ASub7,84,Anxiety,1,1
ASub7,85,Anxiety,1,1
ASub7,86,Anxiety,1,1
ASub7,87,Anxiety,1,1
ASub7,88,Anxiety,1,1
ASub7,89,Anxiety,1,1
ASub7,90,Anxiety,1,1
ASub7,91,Anxiety,1,1
ASub7,92,Anxiety,1,1
ASub7,93,Anxiety,1,1
ASub7,94,Anxiety,1,1
ASub7,95,Anxiety,1,1
ASub7,96,Anxiety,1,1
ASub7,97,Anxiety,1,1
ASub7,98,Anxiety,1,1
ASub7,99,Anxiety,1,1
ASub7,100,Anxiety,1,1
ASub7,101,Anxiety,1,1
ASub7,102,Anxiety,1,1
ASub7,103,Anxiety,1,1
ASub7,104,Anxiety,1,1
ASub7,105,Anxiety,1,1
ASub7,106,Anxiety,1,1
ASub7,107,Anxiety,1,1
ASub7,108,Anxiety,1,1
ASub7,109,Anxiety,1,1
ASub7,110,Anxiety,1,1
ASub7,111,Anxiety,1,1
ASub7,112,Anxiety,1,1
ASub7,113,Anxiety,1,1
ASub7,114,Anxiety,1,1
ASub7,115,Anxiety,1,1
ASub7,116,Anxiety,1,1
ASub7,117,Anxiety,1,1
ASub7,118,Anxiety,1,1
ASub7,119,Anxiety,1,1
ASub7,120,Anxiety,1,1
ASub7,121,Anxiety,1,1
ASub7,122,Anxiety,1,1
ASub7,123,Anxiety,1,1
ASub7,124,Anxiety,1,1
ASub7,125,Anxiety,1,1
ASub7,126,Anxiety,1,1
ASub7,127,Anxiety,1,1
ASub7,128,Anxiety,1,1
ASub7,129,Anxiety,1,1
ASub7,130,Anxiety,1,1
ASub7,131,Anxiety,1,1
ASub7,132,Anxiety,1,1
ASub7,133,Anxiety,1,1
ASub7,134,Anxiety,1,1
ASub7,135,Anxiety,1,1
ASub7,136,Anxiety,1,1
ASub7,137,Anxiety,1,1
ASub7,138,Anxiety,1,1
ASub7,139,Anxiety,1,1
ASub7,140,Anxiety,1,1
ASub7,141,Anxiety,1,1
ASub7,142,Anxiety,1,1
ASub7,143,Anxiety,1,1
ASub7,144,Anxiety,1,1
ASub7,145,Anxiety,1,1
ASub7,146,Anxiety,1,1
ASub7,147,Anxiety,1,1
ASub7,148,Anxiety,1,1
ASub8,0,Anxiety,1,0
ASub8,1,Anxiety,1,0
ASub8,2,Anxiety,1,0
ASub8,3,Anxiety,1,0
ASub8,4,Anxiety,1,0
ASub8,5,Anxiety,1,0
ASub8,6,Anxiety,1,0
ASub8,7,Anxiety,1,0
ASub8,8,Anxiety,1,0
ASub8,9,Anxiety,1,0
ASub8,10,Anxiety,1,0
ASub8,11,Anxiety,1,0
ASub8,12,Anxiety,1,0
ASub8,13,Anxiety,1,0
ASub8,14,Anxiety,1,0
ASub8,15,Anxiety,1,0
ASub8,16,Anxiety,1,0
ASub8,17,Anxiety,1,0
ASub8,18,Anxiety,1,0
ASub8,19,Anxiety,1,0
ASub8,20,Anxiety,1,0
ASub8,21,Anxiety,1,0
ASub8,22,Anxiety,1,0
ASub8,23,Anxiety,1,0
ASub8,24,Anxiety,1,0
ASub8,25,Anxiety,1,0
ASub8,26,Anxiety,1,0
ASub8,27,Anxiety,1,0
ASub8,28,Anxiety,1,0
ASub8,29,Anxiety,1,0
ASub8,30,Anxiety,1,0
ASub8,31,Anxiety,1,0
ASub8,32,Anxiety,1,0
ASub8,33,Anxiety,1,0
ASub8,34,Anxiety,1,0
ASub8,35,Anxiety,1,0
ASub8,36,Anxiety,1,0
ASub8,37,Anxiety,1,0
ASub8,38,Anxiety,1,0
ASub8,39,Anxiety,1,0
ASub8,40,Anxiety,1,0
ASub8,41,Anxiety,1,0
ASub8,42,Anxiety,1,0
ASub8,43,Anxiety,1,0
ASub8,44,Anxiety,1,0
ASub8,45,Anxiety,1,0
ASub8,46,Anxiety,1,0
ASub8,47,Anxiety,1,0
ASub8,48,Anxiety,1,0
ASub8,49,Anxiety,1,0
ASub8,50,Anxiety,1,0
ASub8,51,Anxiety,1,0
ASub8,52,Anxiety,1,0
ASub8,53,Anxiety,1,0
ASub8,54,Anxiety,1,0
ASub8,55,Anxiety,1,0
ASub8,56,Anxiety,1,0
ASub8,57,Anxiety,1,0
ASub8,58,Anxiety,1,0
ASub8,59,Anxiety,1,0
ASub8,60,Anxiety,1,0
ASub8,61,Anxiety,1,0
ASub8,62,Anxiety,1,0
ASub8,63,Anxiety,1,0
ASub8,64,Anxiety,1,0
ASub8,65,Anxiety,1,0
ASub8,66,Anxiety,1,0
ASub8,67,Anxiety,1,0
ASub8,68,Anxiety,1,0
ASub8,69,Anxiety,1,0
ASub8,70,Anxiety,1,0
ASub8,71,Anxiety,1,0
ASub8,72,Anxiety,1,0
ASub8,73,Anxiety,1,0
ASub8,74,Anxiety,1,0
ASub8,75,Anxiety,1,0
ASub8,76,Anxiety,1,0
ASub8,77,Anxiety,1,0
ASub8,78,Anxiety,1,0
ASub8,79,Anxiety,1,0
ASub8,80,Anxiety,1,0
ASub8,81,Anxiety,1,0
ASub8,82,Anxiety,1,0
ASub8,83,Anxiety,1,0
ASub8,84,Anxiety,1,0
ASub8,85,Anxiety,1,0
ASub8,86,Anxiety,1,0
ASub8,87,Anxiety,1,0
ASub8,88,Anxiety,1,0
ASub8,89,Anxiety,1,0
ASub8,90,Anxiety,1,0
ASub8,91,Anxiety,1,0
ASub8,92,Anxiety,1,0
ASub8,93,Anxiety,1,0
ASub8,94,Anxiety,1,0
ASub8,95,Anxiety,1,0
ASub8,96,Anxiety,1,0
ASub8,97,Anxiety,1,0
ASub8,98,Anxiety,1,0
ASub8,99,Anxiety,1,0
ASub8,100,Anxiety,1,0
ASub8,101,Anxiety,1,0
ASub8,102,Anxiety,1,0
ASub8,103,Anxiety,1,0
ASub8,104,Anxiety,1,0
ASub8,105,Anxiety,1,0
ASub8,106,Anxiety,1,0
ASub8,107,Anxiety,1,0
ASub8,108,Anxiety,1,0
ASub8,109,Anxiety,1,0
ASub8,110,Anxiety,1,0
ASub8,111,Anxiety,1,0
ASub8,112,Anxiety,1,0
ASub8,113,Anxiety,1,0
ASub8,114,Anxiety,1,0
ASub8,115,Anxiety,1,0
ASub8,116,Anxiety,1,0
ASub8,117,Anxiety,1,0
ASub8,118,Anxiety,1,0
ASub8,119,Anxiety,1,0
ASub8,120,Anxiety,1,0
ASub8,121,Anxiety,1,0
ASub8,122,Anxiety,1,0
ASub8,123,Anxiety,1,0
ASub8,124,Anxiety,1,0
ASub8,125,Anxiety,1,0
ASub8,126,Anxiety,1,0
ASub8,127,Anxiety,1,0
ASub8,128,Anxiety,1,0
ASub8,129,Anxiety,1,0
ASub8,130,Anxiety,1,0
ASub8,131,Anxiety,1,0
ASub8,132,Anxiety,1,0
ASub8,133,Anxiety,1,0
ASub8,134,Anxiety,1,0
ASub8,135,Anxiety,1,0
ASub8,136,Anxiety,1,0
ASub8,137,Anxiety,1,0
ASub8,138,Anxiety,1,0
ASub8,139,Anxiety,1,0
ASub8,140,Anxiety,1,0
ASub8,141,Anxiety,1,0
ASub8,142,Anxiety,1,0
ASub8,143,Anxiety,1,0
ASub8,144,Anxiety,1,0
ASub8,145,Anxiety,1,0
ASub8,146,Anxiety,1,0
ASub8,147,Anxiety,1,0
ASub8,148,Anxiety,1,0
ASub9,0,Anxiety,1,1
ASub9,1,Anxiety,1,1
ASub9,2,Anxiety,1,1
ASub9,3,Anxiety,1,1
ASub9,4,Anxiety,1,1
ASub9,5,Anxiety,1,1
ASub9,6,Anxiety,1,1
ASub9,7,Anxiety,1,1
ASub9,8,Anxiety,1,1
ASub9,9,Anxiety,1,1
ASub9,10,Anxiety,1,1
ASub9,11,Anxiety,1,1
ASub9,12,Anxiety,1,1
ASub9,13,Anxiety,1,1
ASub9,14,Anxiety,1,1
ASub9,15,Anxiety,1,1
ASub9,16,Anxiety,1,1
ASub9,17,Anxiety,1,1
ASub9,18,Anxiety,1,1
ASub9,19,Anxiety,1,1
ASub9,20,Anxiety,1,1
ASub9,21,Anxiety,1,1
ASub9,22,Anxiety,1,1
ASub9,23,Anxiety,1,1
ASub9,24,Anxiety,1,1
ASub9,25,Anxiety,1,1
ASub9,26,Anxiety,1,1
ASub9,27,Anxiety,1,1
ASub9,28,Anxiety,1,1
ASub9,29,Anxiety,1,1
ASub9,30,Anxiety,1,1
ASub9,31,Anxiety,1,1
ASub9,32,Anxiety,1,1
ASub9,33,Anxiety,1,1
ASub9,34,Anxiety,1,1
ASub9,35,Anxiety,1,1
ASub9,36,Anxiety,1,1
ASub9,37,Anxiety,1,1
ASub9,38,Anxiety,1,1
ASub9,39,Anxiety,1,1
ASub9,40,Anxiety,1,1
ASub9,41,Anxiety,1,1
ASub9,42,Anxiety,1,1
ASub9,43,Anxiety,1,1
ASub9,44,Anxiety,1,1
ASub9,45,Anxiety,1,1
ASub9,46,Anxiety,1,1
ASub9,47,Anxiety,1,1
ASub9,48,Anxiety,1,1
ASub9,49,Anxiety,1,1
ASub9,50,Anxiety,1,1
ASub9,51,Anxiety,1,1
ASub9,52,Anxiety,1,1
ASub9,53,Anxiety,1,1
ASub9,54,Anxiety,1,1
ASub9,55,Anxiety,1,1
ASub9,56,Anxiety,1,1
ASub9,57,Anxiety,1,1
ASub9,58,Anxiety,1,1
ASub9,59,Anxiety,1,1
ASub9,60,Anxiety,1,1
ASub9,61,Anxiety,1,1
ASub9,62,Anxiety,1,1
ASub9,63,Anxiety,1,1
ASub9,64,Anxiety,1,1
ASub9,65,Anxiety,1,1
ASub9,66,Anxiety,1,1
ASub9,67,Anxiety,1,1
ASub9,68,Anxiety,1,1
ASub9,69,Anxiety,1,1
ASub9,70,Anxiety,1,1
ASub9,71,Anxiety,1,1
ASub9,72,Anxiety,1,1
ASub9,73,Anxiety,1,1
ASub9,74,Anxiety,1,1
ASub9,75,Anxiety,1,1
ASub9,76,Anxiety,1,1
ASub9,77,Anxiety,1,1
ASub9,78,Anxiety,1,1
ASub9,79,Anxiety,1,1
ASub9,80,Anxiety,1,1
ASub9,81,Anxiety,1,1
ASub9,82,Anxiety,1,1
ASub9,83,Anxiety,1,1
ASub9,84,Anxiety,1,1
ASub9,85,Anxiety,1,1
ASub9,86,Anxiety,1,1
ASub9,87,Anxiety,1,1
ASub9,88,Anxiety,1,1
ASub9,89,Anxiety,1,1
ASub9,90,Anxiety,1,1
ASub9,91,Anxiety,1,1
ASub9,92,Anxiety,1,1
ASub9,93,Anxiety,1,1
ASub9,94,Anxiety,1,1
ASub9,95,Anxiety,1,1
ASub9,96,Anxiety,1,1
ASub9,97,Anxiety,1,1
ASub9,98,Anxiety,1,1
ASub9,99,Anxiety,1,1
ASub9,100,Anxiety,1,1
ASub9,101,Anxiety,1,1
ASub9,102,Anxiety,1,1
ASub9,103,Anxiety,1,1
ASub9,104,Anxiety,1,1
ASub9,105,Anxiety,1,1
ASub9,106,Anxiety,1,1
ASub9,107,Anxiety,1,1
ASub9,108,Anxiety,1,1
ASub9,109,Anxiety,1,1
ASub9,110,Anxiety,1,1
ASub9,111,Anxiety,1,1
ASub9,112,Anxiety,1,1
ASub9,113,Anxiety,1,1
ASub9,114,Anxiety,1,1
ASub9,115,Anxiety,1,1
ASub9,116,Anxiety,1,1
ASub9,117,Anxiety,1,1
ASub9,118,Anxiety,1,1
ASub9,119,Anxiety,1,1
ASub9,120,Anxiety,1,1
ASub9,121,Anxiety,1,1
ASub9,122,Anxiety,1,1
ASub9,123,Anxiety,1,1
ASub9,124,Anxiety,1,1
ASub9,125,Anxiety,1,1
ASub9,126,Anxiety,1,1
ASub9,127,Anxiety,1,1
ASub9,128,Anxiety,1,1
ASub9,129,Anxiety,1,1
ASub9,130,Anxiety,1,1
ASub9,131,Anxiety,1,1
ASub9,132,Anxiety,1,1
ASub9,133,Anxiety,1,1
ASub9,134,Anxiety,1,1
ASub9,135,Anxiety,1,1
ASub9,136,Anxiety,1,1
ASub9,137,Anxiety,1,1
ASub9,138,Anxiety,1,1
ASub9,139,Anxiety,1,1
ASub9,140,Anxiety,1,1
ASub9,141,Anxiety,1,1
ASub9,142,Anxiety,1,1
ASub9,143,Anxiety,1,1
ASub9,144,Anxiety,1,1
ASub9,145,Anxiety,1,1
ASub9,146,Anxiety,1,1
ASub9,147,Anxiety,1,1
ASub9,148,Anxiety,1,1
